,date,rate
0,25-03-2013,0.05043
1,26-03-2013,0.0494
2,27-03-2013,0.04821
3,28-03-2013,0.04979
4,29-03-2013,0.04987
5,30-03-2013,0.04924
6,31-03-2013,0.04924
7,01-04-2013,0.04924
8,02-04-2013,0.04915
9,03-04-2013,0.04825
10,04-04-2013,0.04726
11,05-04-2013,0.04693
12,06-04-2013,0.04755
13,07-04-2013,0.04755
14,08-04-2013,0.04755
15,09-04-2013,0.04921
16,10-04-2013,0.04813
17,11-04-2013,0.04792
18,12-04-2013,0.04696
19,13-04-2013,0.04565
20,14-04-2013,0.04565
21,15-04-2013,0.04565
22,16-04-2013,0.04536
23,17-04-2013,0.04389
24,18-04-2013,0.04352
25,19-04-2013,0.0438
26,20-04-2013,0.04431
27,21-04-2013,0.04431
28,22-04-2013,0.04431
29,23-04-2013,0.04588
30,24-04-2013,0.0456
31,25-04-2013,0.0451
32,26-04-2013,0.04546
33,27-04-2013,0.04728
34,28-04-2013,0.04728
35,29-04-2013,0.04728
36,30-04-2013,0.04974
37,01-05-2013,0.04886
38,02-05-2013,0.04886
39,03-05-2013,0.0491
40,04-05-2013,0.04931
41,05-05-2013,0.04931
42,06-05-2013,0.04931
43,07-05-2013,0.05065
44,08-05-2013,0.05085
45,09-05-2013,0.04989
46,10-05-2013,0.04989
47,11-05-2013,0.04722
48,12-05-2013,0.04722
49,13-05-2013,0.04722
50,14-05-2013,0.0459
51,15-05-2013,0.0454
52,16-05-2013,0.04434
53,17-05-2013,0.04492
54,18-05-2013,0.04652
55,19-05-2013,0.04652
56,20-05-2013,0.04652
57,21-05-2013,0.04805
58,22-05-2013,0.04951
59,23-05-2013,0.04784
60,24-05-2013,0.04661
61,25-05-2013,0.04655
62,26-05-2013,0.04655
63,27-05-2013,0.04655
64,28-05-2013,0.04761
65,29-05-2013,0.04594
66,30-05-2013,0.04583
67,31-05-2013,0.04633
68,01-06-2013,0.04674
69,02-06-2013,0.04674
70,03-06-2013,0.04674
71,04-06-2013,0.04802
72,05-06-2013,0.0472
73,06-06-2013,0.04665
74,07-06-2013,0.04763
75,08-06-2013,0.0477
76,09-06-2013,0.0477
77,10-06-2013,0.0477
78,11-06-2013,0.04749
79,12-06-2013,0.04649
80,13-06-2013,0.04649
81,14-06-2013,0.0475
82,15-06-2013,0.04817
83,16-06-2013,0.04817
84,17-06-2013,0.04817
85,18-06-2013,0.04895
86,19-06-2013,0.04869
87,20-06-2013,0.04692
88,21-06-2013,0.0478
89,22-06-2013,0.04704
90,23-06-2013,0.04704
91,24-06-2013,0.04704
92,25-06-2013,0.04803
93,26-06-2013,0.04911
94,27-06-2013,0.04752
95,28-06-2013,0.04696
96,29-06-2013,0.04725
97,30-06-2013,0.04725
98,01-07-2013,0.04725
99,02-07-2013,0.0474
100,03-07-2013,0.04695
101,04-07-2013,0.04735
102,05-07-2013,0.04761
103,06-07-2013,0.04719
104,07-07-2013,0.04719
105,08-07-2013,0.04719
106,09-07-2013,0.04698
107,10-07-2013,0.04565
108,11-07-2013,0.04699
109,12-07-2013,0.047
110,13-07-2013,0.04727
111,14-07-2013,0.04727
112,15-07-2013,0.04727
113,16-07-2013,0.0472
114,17-07-2013,0.04777
115,18-07-2013,0.04685
116,19-07-2013,0.04691
117,20-07-2013,0.04693
118,21-07-2013,0.04693
119,22-07-2013,0.04693
120,23-07-2013,0.04673
121,24-07-2013,0.04668
122,25-07-2013,0.04656
123,26-07-2013,0.04704
124,27-07-2013,0.04704
125,28-07-2013,0.04704
126,29-07-2013,0.04704
127,30-07-2013,0.0466
128,31-07-2013,0.04658
129,01-08-2013,0.04694
130,02-08-2013,0.04686
131,03-08-2013,0.04641
132,04-08-2013,0.04641
133,05-08-2013,0.04641
134,06-08-2013,0.0462
135,07-08-2013,0.04608
136,08-08-2013,0.04543
137,09-08-2013,0.04583
138,10-08-2013,0.04655
139,11-08-2013,0.04655
140,12-08-2013,0.04655
141,13-08-2013,0.04745
142,14-08-2013,0.04756
143,15-08-2013,0.04712
144,16-08-2013,0.04706
145,17-08-2013,0.0471
146,18-08-2013,0.0471
147,19-08-2013,0.0471
148,20-08-2013,0.04668
149,21-08-2013,0.04571
150,22-08-2013,0.04601
151,23-08-2013,0.04574
152,24-08-2013,0.0457
153,25-08-2013,0.0457
154,26-08-2013,0.0457
155,27-08-2013,0.04533
156,28-08-2013,0.0453
157,29-08-2013,0.04521
158,30-08-2013,0.04459
159,31-08-2013,0.04455
160,01-09-2013,0.04455
161,02-09-2013,0.04455
162,03-09-2013,0.0448
163,04-09-2013,0.04474
164,05-09-2013,0.04549
165,06-09-2013,0.04417
166,07-09-2013,0.04435
167,08-09-2013,0.04435
168,09-09-2013,0.04435
169,10-09-2013,0.04451
170,11-09-2013,0.04451
171,12-09-2013,0.04422
172,13-09-2013,0.04378
173,14-09-2013,0.0438
174,15-09-2013,0.0438
175,16-09-2013,0.0438
176,17-09-2013,0.04406
177,18-09-2013,0.04377
178,19-09-2013,0.04376
179,20-09-2013,0.04361
180,21-09-2013,0.04362
181,22-09-2013,0.04362
182,23-09-2013,0.04362
183,24-09-2013,0.04348
184,25-09-2013,0.04359
185,26-09-2013,0.04336
186,27-09-2013,0.04309
187,28-09-2013,0.04267
188,29-09-2013,0.04267
189,30-09-2013,0.04267
190,01-10-2013,0.04321
191,02-10-2013,0.04263
192,03-10-2013,0.04204
193,04-10-2013,0.04229
194,05-10-2013,0.04202
195,06-10-2013,0.04202
196,07-10-2013,0.04202
197,08-10-2013,0.04231
198,09-10-2013,0.04223
199,10-10-2013,0.04275
200,11-10-2013,0.04299
201,12-10-2013,0.0436
202,13-10-2013,0.0436
203,14-10-2013,0.0436
204,15-10-2013,0.04383
205,16-10-2013,0.04383
206,17-10-2013,0.04325
207,18-10-2013,0.04337
208,19-10-2013,0.04357
209,20-10-2013,0.04357
210,21-10-2013,0.04357
211,22-10-2013,0.04334
212,23-10-2013,0.04296
213,24-10-2013,0.04266
214,25-10-2013,0.04258
215,26-10-2013,0.04339
216,27-10-2013,0.04339
217,28-10-2013,0.04339
218,29-10-2013,0.04336
219,30-10-2013,0.0441
220,31-10-2013,0.04435
221,01-11-2013,0.0447
222,02-11-2013,0.0443
223,03-11-2013,0.0443
224,04-11-2013,0.0443
225,05-11-2013,0.0443
226,06-11-2013,0.04459
227,07-11-2013,0.04483
228,08-11-2013,0.04548
229,09-11-2013,0.0453
230,10-11-2013,0.0453
231,11-11-2013,0.0453
232,12-11-2013,0.04565
233,13-11-2013,0.0437
234,14-11-2013,0.04432
235,15-11-2013,0.045
236,16-11-2013,0.04542
237,17-11-2013,0.04542
238,18-11-2013,0.04542
239,19-11-2013,0.0461
240,20-11-2013,0.04689
241,21-11-2013,0.04595
242,22-11-2013,0.04649
243,23-11-2013,0.04673
244,24-11-2013,0.04673
245,25-11-2013,0.04673
246,26-11-2013,0.047
247,27-11-2013,0.04686
248,28-11-2013,0.0466
249,29-11-2013,0.04628
250,30-11-2013,0.04635
251,01-12-2013,0.04635
252,02-12-2013,0.04635
253,03-12-2013,0.0457
254,04-12-2013,0.04566
255,05-12-2013,0.04562
256,06-12-2013,0.046
257,07-12-2013,0.04645
258,08-12-2013,0.04645
259,09-12-2013,0.04645
260,10-12-2013,0.04655
261,11-12-2013,0.04656
262,12-12-2013,0.04618
263,13-12-2013,0.04627
264,14-12-2013,0.04675
265,15-12-2013,0.04675
266,16-12-2013,0.04675
267,17-12-2013,0.04686
268,18-12-2013,0.04715
269,19-12-2013,0.04778
270,20-12-2013,0.04853
271,21-12-2013,0.04891
272,22-12-2013,0.04891
273,23-12-2013,0.04891
274,24-12-2013,0.04888
275,25-12-2013,0.04916
276,26-12-2013,0.04951
277,27-12-2013,0.04927
278,28-12-2013,0.04966
279,29-12-2013,0.04966
280,30-12-2013,0.04966
281,31-12-2013,0.04846
282,01-01-2014,0.04846
283,02-01-2014,0.04846
284,03-01-2014,0.04846
285,04-01-2014,0.04846
286,05-01-2014,0.04846
287,06-01-2014,0.04846
288,07-01-2014,0.04791
289,08-01-2014,0.04791
290,09-01-2014,0.04812
291,10-01-2014,0.04846
292,11-01-2014,0.04892
293,12-01-2014,0.04892
294,13-01-2014,0.04892
295,14-01-2014,0.04911
296,15-01-2014,0.04905
297,16-01-2014,0.04868
298,17-01-2014,0.0484
299,18-01-2014,0.0482
300,19-01-2014,0.0482
301,20-01-2014,0.0482
302,21-01-2014,0.04837
303,22-01-2014,0.04767
304,23-01-2014,0.04755
305,24-01-2014,0.04696
306,25-01-2014,0.04638
307,26-01-2014,0.04638
308,27-01-2014,0.04638
309,28-01-2014,0.04627
310,29-01-2014,0.04636
311,30-01-2014,0.0458
312,31-01-2014,0.04544
313,01-02-2014,0.04527
314,02-02-2014,0.04527
315,03-02-2014,0.04527
316,04-02-2014,0.04535
317,05-02-2014,0.04621
318,06-02-2014,0.0461
319,07-02-2014,0.04603
320,08-02-2014,0.04555
321,09-02-2014,0.04555
322,10-02-2014,0.04555
323,11-02-2014,0.04555
324,12-02-2014,0.04657
325,13-02-2014,0.04562
326,14-02-2014,0.04591
327,15-02-2014,0.0462
328,16-02-2014,0.0462
329,17-02-2014,0.0462
330,18-02-2014,0.04603
331,19-02-2014,0.04511
332,20-02-2014,0.04515
333,21-02-2014,0.04532
334,22-02-2014,0.04514
335,23-02-2014,0.04514
336,24-02-2014,0.04514
337,25-02-2014,0.04459
338,26-02-2014,0.04401
339,27-02-2014,0.04245
340,28-02-2014,0.04213
341,01-03-2014,0.03475
342,02-03-2014,0.03475
343,03-03-2014,0.03475
344,04-03-2014,0.03742
345,05-03-2014,0.0363
346,06-03-2014,0.03524
347,07-03-2014,0.0351
348,08-03-2014,0.03351
349,09-03-2014,0.03351
350,10-03-2014,0.03351
351,11-03-2014,0.03351
352,12-03-2014,0.03171
353,13-03-2014,0.0319
354,14-03-2014,0.032
355,15-03-2014,0.0331
356,16-03-2014,0.0331
357,17-03-2014,0.0331
358,18-03-2014,0.03431
359,19-03-2014,0.03416
360,20-03-2014,0.0349
361,21-03-2014,0.03405
362,22-03-2014,0.03411
363,23-03-2014,0.03411
364,24-03-2014,0.03411
365,25-03-2014,0.03538
366,26-03-2014,0.03645
367,27-03-2014,0.03649
368,28-03-2014,0.03822
369,29-03-2014,0.0396
370,30-03-2014,0.0396
371,31-03-2014,0.0396
372,01-04-2014,0.0394
373,02-04-2014,0.03895
374,03-04-2014,0.03822
375,04-04-2014,0.0389
376,05-04-2014,0.03774
377,06-04-2014,0.03774
378,07-04-2014,0.03774
379,08-04-2014,0.03825
380,09-04-2014,0.0384
381,10-04-2014,0.0391
382,11-04-2014,0.03968
383,12-04-2014,0.03938
384,13-04-2014,0.03938
385,14-04-2014,0.03938
386,15-04-2014,0.03823
387,16-04-2014,0.03833
388,17-04-2014,0.03837
389,18-04-2014,0.03891
390,19-04-2014,0.03853
391,20-04-2014,0.03853
392,21-04-2014,0.03853
393,22-04-2014,0.03839
394,23-04-2014,0.03834
395,24-04-2014,0.03799
396,25-04-2014,0.03732
397,26-04-2014,0.03825
398,27-04-2014,0.03825
399,28-04-2014,0.03825
400,29-04-2014,0.03858
401,30-04-2014,0.03865
402,01-05-2014,0.0386
403,02-05-2014,0.0386
404,03-05-2014,0.0387
405,04-05-2014,0.0387
406,05-05-2014,0.0387
407,06-05-2014,0.03991
408,07-05-2014,0.0416
409,08-05-2014,0.04222
410,09-05-2014,0.0442
411,10-05-2014,0.0442
412,11-05-2014,0.0442
413,12-05-2014,0.0442
414,13-05-2014,0.0448
415,14-05-2014,0.04466
416,15-05-2014,0.04433
417,16-05-2014,0.04499
418,17-05-2014,0.0461
419,18-05-2014,0.0461
420,19-05-2014,0.0461
421,20-05-2014,0.0467
422,21-05-2014,0.04733
423,22-05-2014,0.047
424,23-05-2014,0.04728
425,24-05-2014,0.04796
426,25-05-2014,0.04796
427,26-05-2014,0.04796
428,27-05-2014,0.04686
429,28-05-2014,0.04725
430,29-05-2014,0.048
431,30-05-2014,0.0479
432,31-05-2014,0.0495
433,01-06-2014,0.0495
434,02-06-2014,0.0495
435,03-06-2014,0.051
436,04-06-2014,0.05112
437,05-06-2014,0.04844
438,06-06-2014,0.04689
439,07-06-2014,0.04731
440,08-06-2014,0.04731
441,09-06-2014,0.04731
442,10-06-2014,0.047
443,11-06-2014,0.04698
444,12-06-2014,0.04643
445,13-06-2014,0.04643
446,14-06-2014,0.04643
447,15-06-2014,0.04643
448,16-06-2014,0.04643
449,17-06-2014,0.0468
450,18-06-2014,0.04595
451,19-06-2014,0.0457
452,20-06-2014,0.0449
453,21-06-2014,0.04466
454,22-06-2014,0.04466
455,23-06-2014,0.04466
456,24-06-2014,0.0441
457,25-06-2014,0.0431
458,26-06-2014,0.04279
459,27-06-2014,0.04213
460,28-06-2014,0.0411
461,29-06-2014,0.0411
462,30-06-2014,0.0411
463,01-07-2014,0.04106
464,02-07-2014,0.04182
465,03-07-2014,0.04222
466,04-07-2014,0.04099
467,05-07-2014,0.04279
468,06-07-2014,0.04279
469,07-07-2014,0.04279
470,08-07-2014,0.0428
471,09-07-2014,0.04263
472,10-07-2014,0.0417
473,11-07-2014,0.04164
474,12-07-2014,0.04116
475,13-07-2014,0.04116
476,14-07-2014,0.04116
477,15-07-2014,0.04119
478,16-07-2014,0.0413
479,17-07-2014,0.04069
480,18-07-2014,0.04049
481,19-07-2014,0.0405
482,20-07-2014,0.0405
483,21-07-2014,0.0405
484,22-07-2014,0.04095
485,23-07-2014,0.04025
486,24-07-2014,0.04014
487,25-07-2014,0.04038
488,26-07-2014,0.0399
489,27-07-2014,0.0399
490,28-07-2014,0.0399
491,29-07-2014,0.04012
492,30-07-2014,0.0396
493,31-07-2014,0.0398
494,01-08-2014,0.04
495,02-08-2014,0.04124
496,03-08-2014,0.04124
497,04-08-2014,0.04124
498,05-08-2014,0.041
499,06-08-2014,0.03901
500,07-08-2014,0.0381
501,08-08-2014,0.03754
502,09-08-2014,0.03899
503,10-08-2014,0.03899
504,11-08-2014,0.03899
505,12-08-2014,0.0383
506,13-08-2014,0.0391
507,14-08-2014,0.03934
508,15-08-2014,0.03931
509,16-08-2014,0.03928
510,17-08-2014,0.03928
511,18-08-2014,0.03928
512,19-08-2014,0.03945
513,20-08-2014,0.03957
514,21-08-2014,0.03992
515,22-08-2014,0.03927
516,23-08-2014,0.04011
517,24-08-2014,0.04011
518,25-08-2014,0.04011
519,26-08-2014,0.04
520,27-08-2014,0.03981
521,28-08-2014,0.03838
522,29-08-2014,0.0384
523,30-08-2014,0.03832
524,31-08-2014,0.03832
525,01-09-2014,0.03832
526,02-09-2014,0.03837
527,03-09-2014,0.03979
528,04-09-2014,0.04085
529,05-09-2014,0.04149
530,06-09-2014,0.04061
531,07-09-2014,0.04061
532,08-09-2014,0.04061
533,09-09-2014,0.04067
534,10-09-2014,0.04067
535,11-09-2014,0.03985
536,12-09-2014,0.03974
537,13-09-2014,0.03935
538,14-09-2014,0.03935
539,15-09-2014,0.03935
540,16-09-2014,0.04018
541,17-09-2014,0.04035
542,18-09-2014,0.0401
543,19-09-2014,0.03999
544,20-09-2014,0.03953
545,21-09-2014,0.03953
546,22-09-2014,0.03953
547,23-09-2014,0.04043
548,24-09-2014,0.04082
549,25-09-2014,0.04044
550,26-09-2014,0.04016
551,27-09-2014,0.03925
552,28-09-2014,0.03925
553,29-09-2014,0.03925
554,30-09-2014,0.03804
555,01-10-2014,0.0382
556,02-10-2014,0.03806
557,03-10-2014,0.0388
558,04-10-2014,0.03983
559,05-10-2014,0.03983
560,06-10-2014,0.03983
561,07-10-2014,0.03919
562,08-10-2014,0.03833
563,09-10-2014,0.03853
564,10-10-2014,0.03852
565,11-10-2014,0.03905
566,12-10-2014,0.03905
567,13-10-2014,0.03905
568,14-10-2014,0.0395
569,15-10-2014,0.03895
570,16-10-2014,0.03865
571,17-10-2014,0.03951
572,18-10-2014,0.0394
573,19-10-2014,0.0394
574,20-10-2014,0.0394
575,21-10-2014,0.03904
576,22-10-2014,0.0383
577,23-10-2014,0.03777
578,24-10-2014,0.03837
579,25-10-2014,0.03845
580,26-10-2014,0.03845
581,27-10-2014,0.03845
582,28-10-2014,0.03885
583,29-10-2014,0.0396
584,30-10-2014,0.03983
585,31-10-2014,0.03993
586,01-11-2014,0.04009
587,02-11-2014,0.04009
588,03-11-2014,0.04009
589,04-11-2014,0.04001
590,05-11-2014,0.04001
591,06-11-2014,0.04018
592,07-11-2014,0.04032
593,08-11-2014,0.04219
594,09-11-2014,0.04219
595,10-11-2014,0.04219
596,11-11-2014,0.04203
597,12-11-2014,0.04391
598,13-11-2014,0.04472
599,14-11-2014,0.04375
600,15-11-2014,0.04386
601,16-11-2014,0.04386
602,17-11-2014,0.04386
603,18-11-2014,0.04393
604,19-11-2014,0.04396
605,20-11-2014,0.0442
606,21-11-2014,0.04526
607,22-11-2014,0.0462
608,23-11-2014,0.0462
609,24-11-2014,0.0462
610,25-11-2014,0.046
611,26-11-2014,0.0472
612,27-11-2014,0.0467
613,28-11-2014,0.0467
614,29-11-2014,0.04675
615,30-11-2014,0.04675
616,01-12-2014,0.04675
617,02-12-2014,0.04699
618,03-12-2014,0.04925
619,04-12-2014,0.052
620,05-12-2014,0.051
621,06-12-2014,0.0509
622,07-12-2014,0.0509
623,08-12-2014,0.0509
624,09-12-2014,0.05233
625,10-12-2014,0.0539
626,11-12-2014,0.0555
627,12-12-2014,0.057
628,13-12-2014,0.0568
629,14-12-2014,0.0568
630,15-12-2014,0.0568
631,16-12-2014,0.056
632,17-12-2014,0.0555
633,18-12-2014,0.05534
634,19-12-2014,0.05525
635,20-12-2014,0.0611
636,21-12-2014,0.0611
637,22-12-2014,0.0611
638,23-12-2014,0.0613
639,24-12-2014,0.06601
640,25-12-2014,0.07001
641,26-12-2014,0.06895
642,27-12-2014,0.06699
643,28-12-2014,0.06699
644,29-12-2014,0.06699
645,30-12-2014,0.067
646,31-12-2014,0.0675
647,01-01-2015,0.0675
648,02-01-2015,0.0675
649,03-01-2015,0.0675
650,04-01-2015,0.0675
651,05-01-2015,0.0675
652,06-01-2015,0.06666
653,07-01-2015,0.06741
654,08-01-2015,0.06741
655,09-01-2015,0.06531
656,10-01-2015,0.06353
657,11-01-2015,0.06353
658,12-01-2015,0.06353
659,13-01-2015,0.0605
660,14-01-2015,0.0601
661,15-01-2015,0.06273
662,16-01-2015,0.06522
663,17-01-2015,0.06401
664,18-01-2015,0.06401
665,19-01-2015,0.06401
666,20-01-2015,0.0621
667,21-01-2015,0.0635
668,22-01-2015,0.06362
669,23-01-2015,0.0638
670,24-01-2015,0.0626
671,25-01-2015,0.0626
672,26-01-2015,0.0626
673,27-01-2015,0.06364
674,28-01-2015,0.06718
675,29-01-2015,0.0665
676,30-01-2015,0.06894
677,31-01-2015,0.06696
678,01-02-2015,0.06696
679,02-02-2015,0.06696
680,03-02-2015,0.0677
681,04-02-2015,0.06689
682,05-02-2015,0.06786
683,06-02-2015,0.06826
684,07-02-2015,0.068
685,08-02-2015,0.068
686,09-02-2015,0.068
687,10-02-2015,0.06821
688,11-02-2015,0.06905
689,12-02-2015,0.069
690,13-02-2015,0.0694
691,14-02-2015,0.06725
692,15-02-2015,0.06725
693,16-02-2015,0.06725
694,17-02-2015,0.06709
695,18-02-2015,0.06684
696,19-02-2015,0.06696
697,20-02-2015,0.0666
698,21-02-2015,0.06451
699,22-02-2015,0.06451
700,23-02-2015,0.06451
701,24-02-2015,0.06451
702,25-02-2015,0.0667
703,26-02-2015,0.0701
704,27-02-2015,0.068
705,28-02-2015,0.0681
706,01-03-2015,0.0681
707,02-03-2015,0.0681
708,03-03-2015,0.06951
709,04-03-2015,0.068
710,05-03-2015,0.0664
711,06-03-2015,0.06472
712,07-03-2015,0.0626
713,08-03-2015,0.0626
714,09-03-2015,0.0626
715,10-03-2015,0.0626
716,11-03-2015,0.06328
717,12-03-2015,0.0645
718,13-03-2015,0.06332
719,14-03-2015,0.0621
720,15-03-2015,0.0621
721,16-03-2015,0.0621
722,17-03-2015,0.061
723,18-03-2015,0.0624
724,19-03-2015,0.0623
725,20-03-2015,0.0634
726,21-03-2015,0.06172
727,22-03-2015,0.06172
728,23-03-2015,0.06172
729,24-03-2015,0.063
730,25-03-2015,0.0628
731,26-03-2015,0.0606
732,27-03-2015,0.0595
733,28-03-2015,0.06002
734,29-03-2015,0.06002
735,30-03-2015,0.06002
736,31-03-2015,0.06
737,01-04-2015,0.06039
738,02-04-2015,0.0617
739,03-04-2015,0.06162
740,04-04-2015,0.0623
741,05-04-2015,0.0623
742,06-04-2015,0.0623
743,07-04-2015,0.06014
744,08-04-2015,0.06
745,09-04-2015,0.05879
746,10-04-2015,0.0587
747,11-04-2015,0.05903
748,12-04-2015,0.05903
749,13-04-2015,0.05903
750,14-04-2015,0.0579
751,15-04-2015,0.05826
752,16-04-2015,0.05891
753,17-04-2015,0.05805
754,18-04-2015,0.058
755,19-04-2015,0.058
756,20-04-2015,0.058
757,21-04-2015,0.0585
758,22-04-2015,0.05814
759,23-04-2015,0.0569
760,24-04-2015,0.05984
761,25-04-2015,0.05991
762,26-04-2015,0.05991
763,27-04-2015,0.05991
764,28-04-2015,0.06215
765,29-04-2015,0.0631
766,30-04-2015,0.0655
767,01-05-2015,0.06855
768,02-05-2015,0.06855
769,03-05-2015,0.06855
770,04-05-2015,0.06855
771,05-05-2015,0.06855
772,06-05-2015,0.06831
773,07-05-2015,0.06752
774,08-05-2015,0.0675
775,09-05-2015,0.06647
776,10-05-2015,0.06647
777,11-05-2015,0.06647
778,12-05-2015,0.06647
779,13-05-2015,0.066
780,14-05-2015,0.06515
781,15-05-2015,0.06843
782,16-05-2015,0.071
783,17-05-2015,0.071
784,18-05-2015,0.071
785,19-05-2015,0.07202
786,20-05-2015,0.072
787,21-05-2015,0.07507
788,22-05-2015,0.07777
789,23-05-2015,0.0795
790,24-05-2015,0.0795
791,25-05-2015,0.0795
792,26-05-2015,0.0815
793,27-05-2015,0.0826
794,28-05-2015,0.0805
795,29-05-2015,0.08025
796,30-05-2015,0.08035
797,31-05-2015,0.08035
798,01-06-2015,0.08035
799,02-06-2015,0.08021
800,03-06-2015,0.08105
801,04-06-2015,0.08105
802,05-06-2015,0.08107
803,06-06-2015,0.0819
804,07-06-2015,0.0819
805,08-06-2015,0.0819
806,09-06-2015,0.08175
807,10-06-2015,0.08052
808,11-06-2015,0.0804
809,12-06-2015,0.08039
810,13-06-2015,0.08039
811,14-06-2015,0.08039
812,15-06-2015,0.08039
813,16-06-2015,0.08
814,17-06-2015,0.08001
815,18-06-2015,0.0799
816,19-06-2015,0.08002
817,20-06-2015,0.07951
818,21-06-2015,0.07951
819,22-06-2015,0.07951
820,23-06-2015,0.07839
821,24-06-2015,0.0779
822,25-06-2015,0.078
823,26-06-2015,0.078
824,27-06-2015,0.07812
825,28-06-2015,0.07812
826,29-06-2015,0.07812
827,30-06-2015,0.079
828,01-07-2015,0.07719
829,02-07-2015,0.07746
830,03-07-2015,0.07584
831,04-07-2015,0.0745
832,05-07-2015,0.0745
833,06-07-2015,0.0745
834,07-07-2015,0.0746
835,08-07-2015,0.07332
836,09-07-2015,0.07301
837,10-07-2015,0.0752
838,11-07-2015,0.07455
839,12-07-2015,0.07455
840,13-07-2015,0.07455
841,14-07-2015,0.07495
842,15-07-2015,0.0749
843,16-07-2015,0.07424
844,17-07-2015,0.07401
845,18-07-2015,0.07284
846,19-07-2015,0.07284
847,20-07-2015,0.07284
848,21-07-2015,0.07325
849,22-07-2015,0.07323
850,23-07-2015,0.07275
851,24-07-2015,0.0719
852,25-07-2015,0.0723
853,26-07-2015,0.0723
854,27-07-2015,0.0723
855,28-07-2015,0.07225
856,29-07-2015,0.07229
857,30-07-2015,0.07196
858,31-07-2015,0.072
859,01-08-2015,0.072
860,02-08-2015,0.072
861,03-08-2015,0.072
862,04-08-2015,0.071
863,05-08-2015,0.071
864,06-08-2015,0.07053
865,07-08-2015,0.07081
866,08-08-2015,0.07044
867,09-08-2015,0.07044
868,10-08-2015,0.07044
869,11-08-2015,0.0705
870,12-08-2015,0.07024
871,13-08-2015,0.07054
872,14-08-2015,0.07042
873,15-08-2015,0.07035
874,16-08-2015,0.07035
875,17-08-2015,0.07035
876,18-08-2015,0.06966
877,19-08-2015,0.06933
878,20-08-2015,0.0694
879,21-08-2015,0.0687
880,22-08-2015,0.06652
881,23-08-2015,0.06652
882,24-08-2015,0.06652
883,25-08-2015,0.07
884,26-08-2015,0.0698
885,27-08-2015,0.06985
886,28-08-2015,0.06965
887,29-08-2015,0.069
888,30-08-2015,0.069
889,31-08-2015,0.069
890,01-09-2015,0.06728
891,02-09-2015,0.06695
892,03-09-2015,0.06785
893,04-09-2015,0.0675
894,05-09-2015,0.0683
895,06-09-2015,0.0683
896,07-09-2015,0.0683
897,08-09-2015,0.06976
898,09-09-2015,0.06918
899,10-09-2015,0.0691
900,11-09-2015,0.0697
901,12-09-2015,0.06989
902,13-09-2015,0.06989
903,14-09-2015,0.06989
904,15-09-2015,0.06969
905,16-09-2015,0.0686
906,17-09-2015,0.06929
907,18-09-2015,0.06798
908,19-09-2015,0.0682
909,20-09-2015,0.0682
910,21-09-2015,0.0682
911,22-09-2015,0.06727
912,23-09-2015,0.06701
913,24-09-2015,0.06733
914,25-09-2015,0.06747
915,26-09-2015,0.06695
916,27-09-2015,0.06695
917,28-09-2015,0.06695
918,29-09-2015,0.06695
919,30-09-2015,0.0677
920,01-10-2015,0.06767
921,02-10-2015,0.067
922,03-10-2015,0.0681
923,04-10-2015,0.0681
924,05-10-2015,0.0681
925,06-10-2015,0.06932
926,07-10-2015,0.0714
927,08-10-2015,0.074
928,09-10-2015,0.076
929,10-10-2015,0.0781
930,11-10-2015,0.0781
931,12-10-2015,0.0781
932,13-10-2015,0.07735
933,14-10-2015,0.07708
934,15-10-2015,0.0775
935,16-10-2015,0.0754
936,17-10-2015,0.07529
937,18-10-2015,0.07529
938,19-10-2015,0.07529
939,20-10-2015,0.07551
940,21-10-2015,0.07494
941,22-10-2015,0.07451
942,23-10-2015,0.07475
943,24-10-2015,0.0723
944,25-10-2015,0.0723
945,26-10-2015,0.0723
946,27-10-2015,0.0735
947,28-10-2015,0.07179
948,29-10-2015,0.07196
949,30-10-2015,0.07235
950,31-10-2015,0.0725
951,01-11-2015,0.0725
952,02-11-2015,0.0725
953,03-11-2015,0.07396
954,04-11-2015,0.07615
955,05-11-2015,0.07615
956,06-11-2015,0.07585
957,07-11-2015,0.076
958,08-11-2015,0.076
959,09-11-2015,0.076
960,10-11-2015,0.07576
961,11-11-2015,0.076
962,12-11-2015,0.07542
963,13-11-2015,0.0758
964,14-11-2015,0.07588
965,15-11-2015,0.07588
966,16-11-2015,0.07588
967,17-11-2015,0.07595
968,18-11-2015,0.0761
969,19-11-2015,0.0762
970,20-11-2015,0.07601
971,21-11-2015,0.0763
972,22-11-2015,0.0763
973,23-11-2015,0.0763
974,24-11-2015,0.07283
975,25-11-2015,0.0745
976,26-11-2015,0.076
977,27-11-2015,0.07271
978,28-11-2015,0.071
979,29-11-2015,0.071
980,30-11-2015,0.071
981,01-12-2015,0.07328
982,02-12-2015,0.07225
983,03-12-2015,0.0717
984,04-12-2015,0.0723
985,05-12-2015,0.07247
986,06-12-2015,0.07247
987,07-12-2015,0.07247
988,08-12-2015,0.07245
989,09-12-2015,0.07505
990,10-12-2015,0.07575
991,11-12-2015,0.0757
992,12-12-2015,0.07575
993,13-12-2015,0.07575
994,14-12-2015,0.07575
995,15-12-2015,0.07624
996,16-12-2015,0.0775
997,17-12-2015,0.07877
998,18-12-2015,0.0752
999,19-12-2015,0.07634
1000,20-12-2015,0.07634
1001,21-12-2015,0.07634
1002,22-12-2015,0.07742
1003,23-12-2015,0.07864
1004,24-12-2015,0.07701
1005,25-12-2015,0.0771
1006,26-12-2015,0.076
1007,27-12-2015,0.076
1008,28-12-2015,0.076
1009,29-12-2015,0.0782
1010,30-12-2015,0.0797
1011,31-12-2015,0.07719
1012,01-01-2016,0.07719
1013,02-01-2016,0.07719
1014,03-01-2016,0.07719
1015,04-01-2016,0.07719
1016,05-01-2016,0.07532
1017,06-01-2016,0.07517
1018,07-01-2016,0.07225
1019,08-01-2016,0.07225
1020,09-01-2016,0.07225
1021,10-01-2016,0.07225
1022,11-01-2016,0.07225
1023,12-01-2016,0.07362
1024,13-01-2016,0.07225
1025,14-01-2016,0.07186
1026,15-01-2016,0.0695
1027,16-01-2016,0.0694
1028,17-01-2016,0.0694
1029,18-01-2016,0.0694
1030,19-01-2016,0.0694
1031,20-01-2016,0.0675
1032,21-01-2016,0.06749
1033,22-01-2016,0.0696
1034,23-01-2016,0.06845
1035,24-01-2016,0.06845
1036,25-01-2016,0.06845
1037,26-01-2016,0.06766
1038,27-01-2016,0.06867
1039,28-01-2016,0.0716
1040,29-01-2016,0.0737
1041,30-01-2016,0.0735
1042,31-01-2016,0.0735
1043,01-02-2016,0.0735
1044,02-02-2016,0.07074
1045,03-02-2016,0.06952
1046,04-02-2016,0.07199
1047,05-02-2016,0.07115
1048,06-02-2016,0.06975
1049,07-02-2016,0.06975
1050,08-02-2016,0.06975
1051,09-02-2016,0.06846
1052,10-02-2016,0.0694
1053,11-02-2016,0.06794
1054,12-02-2016,0.0693
1055,13-02-2016,0.0706
1056,14-02-2016,0.0706
1057,15-02-2016,0.0706
1058,16-02-2016,0.07046
1059,17-02-2016,0.07132
1060,18-02-2016,0.07355
1061,19-02-2016,0.0727
1062,20-02-2016,0.07231
1063,21-02-2016,0.0733
1064,22-02-2016,0.0733
1065,23-02-2016,0.07175
1066,24-02-2016,0.07175
1067,25-02-2016,0.07144
1068,26-02-2016,0.07198
1069,27-02-2016,0.0734
1070,28-02-2016,0.0734
1071,29-02-2016,0.0734
1072,01-03-2016,0.0722
1073,02-03-2016,0.0725
1074,03-03-2016,0.0733
1075,04-03-2016,0.0745
1076,05-03-2016,0.0771
1077,06-03-2016,0.0771
1078,07-03-2016,0.0771
1079,08-03-2016,0.07563
1080,09-03-2016,0.07563
1081,10-03-2016,0.07618
1082,11-03-2016,0.0765
1083,12-03-2016,0.07488
1084,13-03-2016,0.07488
1085,14-03-2016,0.07488
1086,15-03-2016,0.07456
1087,16-03-2016,0.0759
1088,17-03-2016,0.07719
1089,18-03-2016,0.07756
1090,19-03-2016,0.0753
1091,20-03-2016,0.0753
1092,21-03-2016,0.0753
1093,22-03-2016,0.07346
1094,23-03-2016,0.07365
1095,24-03-2016,0.074
1096,25-03-2016,0.07367
1097,26-03-2016,0.07254
1098,27-03-2016,0.07254
1099,28-03-2016,0.07254
1100,29-03-2016,0.073
1101,30-03-2016,0.0747
1102,31-03-2016,0.07668
1103,01-04-2016,0.0745
1104,02-04-2016,0.07555
1105,03-04-2016,0.07555
1106,04-04-2016,0.07555
1107,05-04-2016,0.07398
1108,06-04-2016,0.0739
1109,07-04-2016,0.07437
1110,08-04-2016,0.07465
1111,09-04-2016,0.07694
1112,10-04-2016,0.07694
1113,11-04-2016,0.07694
1114,12-04-2016,0.0751
1115,13-04-2016,0.0768
1116,14-04-2016,0.07485
1117,15-04-2016,0.07527
1118,16-04-2016,0.0735
1119,17-04-2016,0.0735
1120,18-04-2016,0.0735
1121,19-04-2016,0.0734
1122,20-04-2016,0.07341
1123,21-04-2016,0.07164
1124,22-04-2016,0.072
1125,23-04-2016,0.07154
1126,24-04-2016,0.07154
1127,25-04-2016,0.07154
1128,26-04-2016,0.0702
1129,27-04-2016,0.07087
1130,28-04-2016,0.07145
1131,29-04-2016,0.07005
1132,30-04-2016,0.0701
1133,01-05-2016,0.0701
1134,02-05-2016,0.0701
1135,03-05-2016,0.0701
1136,04-05-2016,0.0701
1137,05-05-2016,0.0702
1138,06-05-2016,0.069
1139,07-05-2016,0.0685
1140,08-05-2016,0.0685
1141,09-05-2016,0.0685
1142,10-05-2016,0.0685
1143,11-05-2016,0.0695
1144,12-05-2016,0.069
1145,13-05-2016,0.0688
1146,14-05-2016,0.06959
1147,15-05-2016,0.06959
1148,16-05-2016,0.06959
1149,17-05-2016,0.0689
1150,18-05-2016,0.069
1151,19-05-2016,0.06816
1152,20-05-2016,0.0685
1153,21-05-2016,0.0685
1154,22-05-2016,0.0685
1155,23-05-2016,0.0685
1156,24-05-2016,0.069
1157,25-05-2016,0.0699
1158,26-05-2016,0.07
1159,27-05-2016,0.06922
1160,28-05-2016,0.06987
1161,29-05-2016,0.06987
1162,30-05-2016,0.06987
1163,31-05-2016,0.0684
1164,01-06-2016,0.06832
1165,02-06-2016,0.06792
1166,03-06-2016,0.0684
1167,04-06-2016,0.0695
1168,05-06-2016,0.0695
1169,06-06-2016,0.0695
1170,07-06-2016,0.0703
1171,08-06-2016,0.072
1172,09-06-2016,0.073
1173,10-06-2016,0.0728
1174,11-06-2016,0.071
1175,12-06-2016,0.071
1176,13-06-2016,0.071
1177,14-06-2016,0.071
1178,15-06-2016,0.07013
1179,16-06-2016,0.0692
1180,17-06-2016,0.069
1181,18-06-2016,0.06999
1182,19-06-2016,0.06999
1183,20-06-2016,0.06999
1184,21-06-2016,0.07018
1185,22-06-2016,0.069
1186,23-06-2016,0.0695
1187,24-06-2016,0.06878
1188,25-06-2016,0.067
1189,26-06-2016,0.067
1190,27-06-2016,0.067
1191,28-06-2016,0.06763
1192,29-06-2016,0.0687
1193,30-06-2016,0.068
1194,01-07-2016,0.06735
1195,02-07-2016,0.06739
1196,03-07-2016,0.06739
1197,04-07-2016,0.06739
1198,05-07-2016,0.06701
1199,06-07-2016,0.06723
1200,07-07-2016,0.06805
1201,08-07-2016,0.06819
1202,09-07-2016,0.06889
1203,10-07-2016,0.06889
1204,11-07-2016,0.06889
1205,12-07-2016,0.06905
1206,13-07-2016,0.0675
1207,14-07-2016,0.06849
1208,15-07-2016,0.06832
1209,16-07-2016,0.06875
1210,17-07-2016,0.06875
1211,18-07-2016,0.06875
1212,19-07-2016,0.0676
1213,20-07-2016,0.0669
1214,21-07-2016,0.06759
1215,22-07-2016,0.06711
1216,23-07-2016,0.06794
1217,24-07-2016,0.06794
1218,25-07-2016,0.06794
1219,26-07-2016,0.06771
1220,27-07-2016,0.0685
1221,28-07-2016,0.06818
1222,29-07-2016,0.06741
1223,30-07-2016,0.06692
1224,31-07-2016,0.06692
1225,01-08-2016,0.06692
1226,02-08-2016,0.06719
1227,03-08-2016,0.06716
1228,04-08-2016,0.0684
1229,05-08-2016,0.06762
1230,06-08-2016,0.06805
1231,07-08-2016,0.06805
1232,08-08-2016,0.06805
1233,09-08-2016,0.06765
1234,10-08-2016,0.0677
1235,11-08-2016,0.06777
1236,12-08-2016,0.068
1237,13-08-2016,0.0674
1238,14-08-2016,0.0674
1239,15-08-2016,0.0674
1240,16-08-2016,0.0666
1241,17-08-2016,0.067
1242,18-08-2016,0.067
1243,19-08-2016,0.067
1244,20-08-2016,0.067
1245,21-08-2016,0.067
1246,22-08-2016,0.067
1247,23-08-2016,0.06749
1248,24-08-2016,0.0672
1249,25-08-2016,0.0675
1250,26-08-2016,0.0671
1251,27-08-2016,0.06738
1252,28-08-2016,0.06738
1253,29-08-2016,0.06738
1254,30-08-2016,0.0682
1255,31-08-2016,0.06849
1256,01-09-2016,0.0702
1257,02-09-2016,0.07375
1258,03-09-2016,0.0739
1259,04-09-2016,0.0739
1260,05-09-2016,0.0739
1261,06-09-2016,0.07425
1262,07-09-2016,0.07545
1263,08-09-2016,0.07638
1264,09-09-2016,0.07675
1265,10-09-2016,0.075
1266,11-09-2016,0.075
1267,12-09-2016,0.075
1268,13-09-2016,0.07455
1269,14-09-2016,0.0745
1270,15-09-2016,0.0746
1271,16-09-2016,0.075
1272,17-09-2016,0.0745
1273,18-09-2016,0.0745
1274,19-09-2016,0.0745
1275,20-09-2016,0.0745
1276,21-09-2016,0.07471
1277,22-09-2016,0.07585
1278,23-09-2016,0.07529
1279,24-09-2016,0.0748
1280,25-09-2016,0.0748
1281,26-09-2016,0.0748
1282,27-09-2016,0.073
1283,28-09-2016,0.07272
1284,29-09-2016,0.0733
1285,30-09-2016,0.0721
1286,01-10-2016,0.07183
1287,02-10-2016,0.07183
1288,03-10-2016,0.07183
1289,04-10-2016,0.07145
1290,05-10-2016,0.0701
1291,06-10-2016,0.07015
1292,07-10-2016,0.07018
1293,08-10-2016,0.07076
1294,09-10-2016,0.07076
1295,10-10-2016,0.07076
1296,11-10-2016,0.0702
1297,12-10-2016,0.0691
1298,13-10-2016,0.06869
1299,14-10-2016,0.0678
1300,15-10-2016,0.06756
1301,16-10-2016,0.06756
1302,17-10-2016,0.06756
1303,18-10-2016,0.06805
1304,19-10-2016,0.0687
1305,20-10-2016,0.06715
1306,21-10-2016,0.06753
1307,22-10-2016,0.06879
1308,23-10-2016,0.06879
1309,24-10-2016,0.06879
1310,25-10-2016,0.06925
1311,26-10-2016,0.06915
1312,27-10-2016,0.06801
1313,28-10-2016,0.06822
1314,29-10-2016,0.06775
1315,30-10-2016,0.06775
1316,31-10-2016,0.06775
1317,01-11-2016,0.06877
1318,02-11-2016,0.0675
1319,03-11-2016,0.06754
1320,04-11-2016,0.06753
1321,05-11-2016,0.06753
1322,06-11-2016,0.06753
1323,07-11-2016,0.06753
1324,08-11-2016,0.06797
1325,09-11-2016,0.0692
1326,10-11-2016,0.06877
1327,11-11-2016,0.06821
1328,12-11-2016,0.06799
1329,13-11-2016,0.06799
1330,14-11-2016,0.06799
1331,15-11-2016,0.06804
1332,16-11-2016,0.06815
1333,17-11-2016,0.06802
1334,18-11-2016,0.06775
1335,19-11-2016,0.0685
1336,20-11-2016,0.0685
1337,21-11-2016,0.0685
1338,22-11-2016,0.06821
1339,23-11-2016,0.06875
1340,24-11-2016,0.0683
1341,25-11-2016,0.0685
1342,26-11-2016,0.06875
1343,27-11-2016,0.06875
1344,28-11-2016,0.06875
1345,29-11-2016,0.06876
1346,30-11-2016,0.0694
1347,01-12-2016,0.06831
1348,02-12-2016,0.06835
1349,03-12-2016,0.06866
1350,04-12-2016,0.06866
1351,05-12-2016,0.06866
1352,06-12-2016,0.068
1353,07-12-2016,0.06815
1354,08-12-2016,0.069
1355,09-12-2016,0.07523
1356,10-12-2016,0.0734
1357,11-12-2016,0.0734
1358,12-12-2016,0.0734
1359,13-12-2016,0.0736
1360,14-12-2016,0.07228
1361,15-12-2016,0.0723
1362,16-12-2016,0.0737
1363,17-12-2016,0.07255
1364,18-12-2016,0.07255
1365,19-12-2016,0.07255
1366,20-12-2016,0.07259
1367,21-12-2016,0.07175
1368,22-12-2016,0.0715
1369,23-12-2016,0.07204
1370,24-12-2016,0.0713
1371,25-12-2016,0.0713
1372,26-12-2016,0.0713
1373,27-12-2016,0.07278
1374,28-12-2016,0.07302
1375,29-12-2016,0.07399
1376,30-12-2016,0.074
1377,31-12-2016,0.07401
1378,01-01-2017,0.07401
1379,02-01-2017,0.07401
1380,03-01-2017,0.07401
1381,04-01-2017,0.07315
1382,05-01-2017,0.07149
1383,06-01-2017,0.07097
1384,07-01-2017,0.07058
1385,08-01-2017,0.07058
1386,09-01-2017,0.07058
1387,10-01-2017,0.07125
1388,11-01-2017,0.07021
1389,12-01-2017,0.06955
1390,13-01-2017,0.06925
1391,14-01-2017,0.06941
1392,15-01-2017,0.06941
1393,16-01-2017,0.06941
1394,17-01-2017,0.06921
1395,18-01-2017,0.06861
1396,19-01-2017,0.06869
1397,20-01-2017,0.06843
1398,21-01-2017,0.06868
1399,22-01-2017,0.06868
1400,23-01-2017,0.06868
1401,24-01-2017,0.0685
1402,25-01-2017,0.0685
1403,26-01-2017,0.06909
1404,27-01-2017,0.0697
1405,28-01-2017,0.0694
1406,29-01-2017,0.0694
1407,30-01-2017,0.0694
1408,31-01-2017,0.06897
1409,01-02-2017,0.06947
1410,02-02-2017,0.06909
1411,03-02-2017,0.06929
1412,04-02-2017,0.06868
1413,05-02-2017,0.06868
1414,06-02-2017,0.06868
1415,07-02-2017,0.06879
1416,08-02-2017,0.0687
1417,09-02-2017,0.0687
1418,10-02-2017,0.06843
1419,11-02-2017,0.06816
1420,12-02-2017,0.06816
1421,13-02-2017,0.06816
1422,14-02-2017,0.06788
1423,15-02-2017,0.06777
1424,16-02-2017,0.06799
1425,17-02-2017,0.06793
1426,18-02-2017,0.06799
1427,19-02-2017,0.06799
1428,20-02-2017,0.06799
1429,21-02-2017,0.06792
1430,22-02-2017,0.06742
1431,23-02-2017,0.06715
1432,24-02-2017,0.06715
1433,25-02-2017,0.06675
1434,26-02-2017,0.06675
1435,27-02-2017,0.06675
1436,28-02-2017,0.06608
1437,01-03-2017,0.06725
1438,02-03-2017,0.066
1439,03-03-2017,0.066
1440,04-03-2017,0.066
1441,05-03-2017,0.066
1442,06-03-2017,0.066
1443,07-03-2017,0.066
1444,08-03-2017,0.0646
1445,09-03-2017,0.0646
1446,10-03-2017,0.06505
1447,11-03-2017,0.06526
1448,12-03-2017,0.06526
1449,13-03-2017,0.06526
1450,14-03-2017,0.06506
1451,15-03-2017,0.06514
1452,16-03-2017,0.0655
1453,17-03-2017,0.06625
1454,18-03-2017,0.0672
1455,19-03-2017,0.0672
1456,20-03-2017,0.0672
1457,21-03-2017,0.0668
1458,22-03-2017,0.06697
1459,23-03-2017,0.06678
1460,24-03-2017,0.0664
1461,25-03-2017,0.0655
1462,26-03-2017,0.0655
1463,27-03-2017,0.0655
1464,28-03-2017,0.06552
1465,29-03-2017,0.06619
1466,30-03-2017,0.0668
1467,31-03-2017,0.06625
1468,01-04-2017,0.06686
1469,02-04-2017,0.06686
1470,03-04-2017,0.06686
1471,04-04-2017,0.0671
1472,05-04-2017,0.0669
1473,06-04-2017,0.06615
1474,07-04-2017,0.06559
1475,08-04-2017,0.06473
1476,09-04-2017,0.06473
1477,10-04-2017,0.06473
1478,11-04-2017,0.0649
1479,12-04-2017,0.0641
1480,13-04-2017,0.064
1481,14-04-2017,0.06409
1482,15-04-2017,0.0642
1483,16-04-2017,0.0642
1484,17-04-2017,0.0642
1485,18-04-2017,0.064
1486,19-04-2017,0.064
1487,20-04-2017,0.0644
1488,21-04-2017,0.065
1489,22-04-2017,0.06515
1490,23-04-2017,0.06515
1491,24-04-2017,0.06515
1492,25-04-2017,0.06612
1493,26-04-2017,0.06843
1494,27-04-2017,0.06671
1495,28-04-2017,0.06671
1496,29-04-2017,0.06737
1497,30-04-2017,0.06737
1498,01-05-2017,0.06737
1499,02-05-2017,0.06737
1500,03-05-2017,0.0675
1501,04-05-2017,0.0671
1502,05-05-2017,0.06573
1503,06-05-2017,0.0669
1504,07-05-2017,0.0669
1505,08-05-2017,0.0669
1506,09-05-2017,0.0669
1507,10-05-2017,0.0669
1508,11-05-2017,0.06589
1509,12-05-2017,0.06567
1510,13-05-2017,0.0666
1511,14-05-2017,0.0666
1512,15-05-2017,0.0666
1513,16-05-2017,0.067
1514,17-05-2017,0.0666
1515,18-05-2017,0.06554
1516,19-05-2017,0.06639
1517,20-05-2017,0.06565
1518,21-05-2017,0.06565
1519,22-05-2017,0.06565
1520,23-05-2017,0.06721
1521,24-05-2017,0.06702
1522,25-05-2017,0.06694
1523,26-05-2017,0.06637
1524,27-05-2017,0.066
1525,28-05-2017,0.066
1526,29-05-2017,0.066
1527,30-05-2017,0.06594
1528,31-05-2017,0.06615
1529,01-06-2017,0.06473
1530,02-06-2017,0.0652
1531,03-06-2017,0.06505
1532,04-06-2017,0.06505
1533,05-06-2017,0.06505
1534,06-06-2017,0.06435
1535,07-06-2017,0.06411
1536,08-06-2017,0.0645
1537,09-06-2017,0.06525
1538,10-06-2017,0.0645
1539,11-06-2017,0.0645
1540,12-06-2017,0.0645
1541,13-06-2017,0.0645
1542,14-06-2017,0.064
1543,15-06-2017,0.0639
1544,16-06-2017,0.0639
1545,17-06-2017,0.06322
1546,18-06-2017,0.06322
1547,19-06-2017,0.06322
1548,20-06-2017,0.0639
1549,21-06-2017,0.06334
1550,22-06-2017,0.0639
1551,23-06-2017,0.064
1552,24-06-2017,0.06349
1553,25-06-2017,0.06349
1554,26-06-2017,0.06349
1555,27-06-2017,0.06338
1556,28-06-2017,0.0638
1557,29-06-2017,0.0639
1558,30-06-2017,0.064
1559,01-07-2017,0.0643
1560,02-07-2017,0.0643
1561,03-07-2017,0.0643
1562,04-07-2017,0.0644
1563,05-07-2017,0.064
1564,06-07-2017,0.06387
1565,07-07-2017,0.06368
1566,08-07-2017,0.0638
1567,09-07-2017,0.0638
1568,10-07-2017,0.0638
1569,11-07-2017,0.06387
1570,12-07-2017,0.064
1571,13-07-2017,0.06371
1572,14-07-2017,0.0638
1573,15-07-2017,0.06387
1574,16-07-2017,0.06387
1575,17-07-2017,0.06387
1576,18-07-2017,0.0635
1577,19-07-2017,0.0641
1578,20-07-2017,0.0649
1579,21-07-2017,0.06373
1580,22-07-2017,0.0635
1581,23-07-2017,0.0635
1582,24-07-2017,0.0635
1583,25-07-2017,0.0635
1584,26-07-2017,0.0636
1585,27-07-2017,0.06341
1586,28-07-2017,0.0609
1587,29-07-2017,0.05969
1588,30-07-2017,0.05969
1589,31-07-2017,0.05969
1590,01-08-2017,0.06005
1591,02-08-2017,0.06171
1592,03-08-2017,0.06186
1593,04-08-2017,0.06082
1594,05-08-2017,0.06211
1595,06-08-2017,0.06211
1596,07-08-2017,0.06211
1597,08-08-2017,0.06206
1598,09-08-2017,0.06199
1599,10-08-2017,0.06068
1600,11-08-2017,0.06
1601,12-08-2017,0.0605
1602,13-08-2017,0.0605
1603,14-08-2017,0.0605
1604,15-08-2017,0.06102
1605,16-08-2017,0.06037
1606,17-08-2017,0.06
1607,18-08-2017,0.05945
1608,19-08-2017,0.05925
1609,20-08-2017,0.05925
1610,21-08-2017,0.05925
1611,22-08-2017,0.0594
1612,23-08-2017,0.06048
1613,24-08-2017,0.06092
1614,25-08-2017,0.0602
1615,26-08-2017,0.06017
1616,27-08-2017,0.06017
1617,28-08-2017,0.06017
1618,29-08-2017,0.05999
1619,30-08-2017,0.0648
1620,31-08-2017,0.06456
1621,01-09-2017,0.06345
1622,02-09-2017,0.06163
1623,03-09-2017,0.06163
1624,04-09-2017,0.06163
1625,05-09-2017,0.0601
1626,06-09-2017,0.0602
1627,07-09-2017,0.0601
1628,08-09-2017,0.0616
1629,09-09-2017,0.06211
1630,10-09-2017,0.06211
1631,11-09-2017,0.06211
1632,12-09-2017,0.06373
1633,13-09-2017,0.06239
1634,14-09-2017,0.06289
1635,15-09-2017,0.0616
1636,16-09-2017,0.06227
1637,17-09-2017,0.06227
1638,18-09-2017,0.06227
1639,19-09-2017,0.06188
1640,20-09-2017,0.0618
1641,21-09-2017,0.06163
1642,22-09-2017,0.06129
1643,23-09-2017,0.06254
1644,24-09-2017,0.06254
1645,25-09-2017,0.06254
1646,26-09-2017,0.06233
1647,27-09-2017,0.06163
1648,28-09-2017,0.06191
1649,29-09-2017,0.06159
1650,30-09-2017,0.06144
1651,01-10-2017,0.06144
1652,02-10-2017,0.06144
1653,03-10-2017,0.06161
1654,04-10-2017,0.0614
1655,05-10-2017,0.0612
1656,06-10-2017,0.06145
1657,07-10-2017,0.06157
1658,08-10-2017,0.06157
1659,09-10-2017,0.06157
1660,10-10-2017,0.06158
1661,11-10-2017,0.06118
1662,12-10-2017,0.0612
1663,13-10-2017,0.061
1664,14-10-2017,0.06115
1665,15-10-2017,0.06115
1666,16-10-2017,0.06115
1667,17-10-2017,0.0606
1668,18-10-2017,0.06023
1669,19-10-2017,0.06021
1670,20-10-2017,0.06025
1671,21-10-2017,0.06025
1672,22-10-2017,0.06025
1673,23-10-2017,0.06025
1674,24-10-2017,0.06104
1675,25-10-2017,0.06043
1676,26-10-2017,0.06022
1677,27-10-2017,0.06049
1678,28-10-2017,0.06023
1679,29-10-2017,0.06023
1680,30-10-2017,0.06023
1681,31-10-2017,0.06
1682,01-11-2017,0.05995
1683,02-11-2017,0.05976
1684,03-11-2017,0.0595
1685,04-11-2017,0.06075
1686,05-11-2017,0.06075
1687,06-11-2017,0.06075
1688,07-11-2017,0.06075
1689,08-11-2017,0.0601
1690,09-11-2017,0.06127
1691,10-11-2017,0.06011
1692,11-11-2017,0.06001
1693,12-11-2017,0.06001
1694,13-11-2017,0.06001
1695,14-11-2017,0.0588
1696,15-11-2017,0.05549
1697,16-11-2017,0.05205
1698,17-11-2017,0.05338
1699,18-11-2017,0.05398
1700,19-11-2017,0.05398
1701,20-11-2017,0.05398
1702,21-11-2017,0.0532
1703,22-11-2017,0.0529
1704,23-11-2017,0.05222
1705,24-11-2017,0.05338
1706,25-11-2017,0.05267
1707,26-11-2017,0.05267
1708,27-11-2017,0.05267
1709,28-11-2017,0.0528
1710,29-11-2017,0.0522
1711,30-11-2017,0.05078
1712,01-12-2017,0.0516
1713,02-12-2017,0.051
1714,03-12-2017,0.051
1715,04-12-2017,0.051
1716,05-12-2017,0.05086
1717,06-12-2017,0.0515
1718,07-12-2017,0.05103
1719,08-12-2017,0.05066
1720,09-12-2017,0.05122
1721,10-12-2017,0.05122
1722,11-12-2017,0.05122
1723,12-12-2017,0.05125
1724,13-12-2017,0.0501
1725,14-12-2017,0.0504
1726,15-12-2017,0.05
1727,16-12-2017,0.04987
1728,17-12-2017,0.04987
1729,18-12-2017,0.04987
1730,19-12-2017,0.0484
1731,20-12-2017,0.04591
1732,21-12-2017,0.04535
1733,22-12-2017,0.04655
1734,23-12-2017,0.0473
1735,24-12-2017,0.0473
1736,25-12-2017,0.0473
1737,26-12-2017,0.04685
1738,27-12-2017,0.04745
1739,28-12-2017,0.04696
1740,29-12-2017,0.04732
1741,30-12-2017,0.0495
1742,31-12-2017,0.0495
1743,01-01-2018,0.0495
1744,02-01-2018,0.0495
1745,03-01-2018,0.0495
1746,04-01-2018,0.05005
1747,05-01-2018,0.0502
1748,06-01-2018,0.0508
1749,07-01-2018,0.0508
1750,08-01-2018,0.0508
1751,09-01-2018,0.0508
1752,10-01-2018,0.05051
1753,11-01-2018,0.0505
1754,12-01-2018,0.05096
1755,13-01-2018,0.05081
1756,14-01-2018,0.05081
1757,15-01-2018,0.05081
1758,16-01-2018,0.0509
1759,17-01-2018,0.05139
1760,18-01-2018,0.0506
1761,19-01-2018,0.04965
1762,20-01-2018,0.05014
1763,21-01-2018,0.05014
1764,22-01-2018,0.05014
1765,23-01-2018,0.04978
1766,24-01-2018,0.04902
1767,25-01-2018,0.0499
1768,26-01-2018,0.04935
1769,27-01-2018,0.049
1770,28-01-2018,0.049
1771,29-01-2018,0.049
1772,30-01-2018,0.0488
1773,31-01-2018,0.0494
1774,01-02-2018,0.04938
1775,02-02-2018,0.0492
1776,03-02-2018,0.04908
1777,04-02-2018,0.04908
1778,05-02-2018,0.04908
1779,06-02-2018,0.04702
1780,07-02-2018,0.04761
1781,08-02-2018,0.04751
1782,09-02-2018,0.04707
1783,10-02-2018,0.04712
1784,11-02-2018,0.04712
1785,12-02-2018,0.04712
1786,13-02-2018,0.04767
1787,14-02-2018,0.0477
1788,15-02-2018,0.04735
1789,16-02-2018,0.0477
1790,17-02-2018,0.04745
1791,18-02-2018,0.04745
1792,19-02-2018,0.04745
1793,20-02-2018,0.04774
1794,21-02-2018,0.0489
1795,22-02-2018,0.05175
1796,23-02-2018,0.05463
1797,24-02-2018,0.05463
1798,25-02-2018,0.05463
1799,26-02-2018,0.05463
1800,27-02-2018,0.0538
1801,28-02-2018,0.05276
1802,01-03-2018,0.0525
1803,02-03-2018,0.05241
1804,03-03-2018,0.05246
1805,04-03-2018,0.05246
1806,05-03-2018,0.05246
1807,06-03-2018,0.053
1808,07-03-2018,0.0547
1809,08-03-2018,0.05628
1810,09-03-2018,0.05628
1811,10-03-2018,0.05571
1812,11-03-2018,0.05571
1813,12-03-2018,0.05571
1814,13-03-2018,0.0558
1815,14-03-2018,0.05354
1816,15-03-2018,0.05384
1817,16-03-2018,0.05348
1818,17-03-2018,0.0534
1819,18-03-2018,0.0534
1820,19-03-2018,0.0534
1821,20-03-2018,0.0539
1822,21-03-2018,0.054
1823,22-03-2018,0.054
1824,23-03-2018,0.05328
1825,24-03-2018,0.05099
1826,25-03-2018,0.05099
1827,26-03-2018,0.05099
1828,27-03-2018,0.0518
1829,28-03-2018,0.051
1830,29-03-2018,0.05115
1831,30-03-2018,0.05166
1832,31-03-2018,0.05114
1833,01-04-2018,0.05114
1834,02-04-2018,0.05114
1835,03-04-2018,0.0523
1836,04-04-2018,0.05237
1837,05-04-2018,0.05395
1838,06-04-2018,0.0554
1839,07-04-2018,0.0504
1840,08-04-2018,0.0504
1841,09-04-2018,0.0504
1842,10-04-2018,0.05091
1843,11-04-2018,0.05047
1844,12-04-2018,0.05093
1845,13-04-2018,0.05087
1846,14-04-2018,0.05179
1847,15-04-2018,0.05179
1848,16-04-2018,0.05179
1849,17-04-2018,0.05217
1850,18-04-2018,0.053
1851,19-04-2018,0.0525
1852,20-04-2018,0.05289
1853,21-04-2018,0.053
1854,22-04-2018,0.053
1855,23-04-2018,0.053
1856,24-04-2018,0.053
1857,25-04-2018,0.05287
1858,26-04-2018,0.0524
1859,27-04-2018,0.05257
1860,28-04-2018,0.0527
1861,29-04-2018,0.05397
1862,30-04-2018,0.05397
1863,01-05-2018,0.0534
1864,02-05-2018,0.0534
1865,03-05-2018,0.05261
1866,04-05-2018,0.05275
1867,05-05-2018,0.05277
1868,06-05-2018,0.05277
1869,07-05-2018,0.05277
1870,08-05-2018,0.0527
1871,09-05-2018,0.05225
1872,10-05-2018,0.05225
1873,11-05-2018,0.05238
1874,12-05-2018,0.0525
1875,13-05-2018,0.0525
1876,14-05-2018,0.0525
1877,15-05-2018,0.0515
1878,16-05-2018,0.05132
1879,17-05-2018,0.05122
1880,18-05-2018,0.0512
1881,19-05-2018,0.05156
1882,20-05-2018,0.05156
1883,21-05-2018,0.05156
1884,22-05-2018,0.05139
1885,23-05-2018,0.05115
1886,24-05-2018,0.05121
1887,25-05-2018,0.05106
1888,26-05-2018,0.05145
1889,27-05-2018,0.05145
1890,28-05-2018,0.05145
1891,29-05-2018,0.05128
1892,30-05-2018,0.05134
1893,31-05-2018,0.04989
1894,01-06-2018,0.0474
1895,02-06-2018,0.04703
1896,03-06-2018,0.04703
1897,04-06-2018,0.04703
1898,05-06-2018,0.04744
1899,06-06-2018,0.04725
1900,07-06-2018,0.04681
1901,08-06-2018,0.04531
1902,09-06-2018,0.04552
1903,10-06-2018,0.04514
1904,11-06-2018,0.04514
1905,12-06-2018,0.04475
1906,13-06-2018,0.04475
1907,14-06-2018,0.04465
1908,15-06-2018,0.04451
1909,16-06-2018,0.04611
1910,17-06-2018,0.04611
1911,18-06-2018,0.04611
1912,19-06-2018,0.04519
1913,20-06-2018,0.0472
1914,21-06-2018,0.04696
1915,22-06-2018,0.0466
1916,23-06-2018,0.0467
1917,24-06-2018,0.0467
1918,25-06-2018,0.0467
1919,26-06-2018,0.0469
1920,27-06-2018,0.04735
1921,28-06-2018,0.04783
1922,29-06-2018,0.04801
1923,30-06-2018,0.04833
1924,01-07-2018,0.04833
1925,02-07-2018,0.04833
1926,03-07-2018,0.04838
1927,04-07-2018,0.04856
1928,05-07-2018,0.04866
1929,06-07-2018,0.0485
1930,07-07-2018,0.04939
1931,08-07-2018,0.04939
1932,09-07-2018,0.04939
1933,10-07-2018,0.04903
1934,11-07-2018,0.0486
1935,12-07-2018,0.04831
1936,13-07-2018,0.04975
1937,14-07-2018,0.0494
1938,15-07-2018,0.0494
1939,16-07-2018,0.0494
1940,17-07-2018,0.04872
1941,18-07-2018,0.04853
1942,19-07-2018,0.04784
1943,20-07-2018,0.04825
1944,21-07-2018,0.04824
1945,22-07-2018,0.04824
1946,23-07-2018,0.04824
1947,24-07-2018,0.04822
1948,25-07-2018,0.04795
1949,26-07-2018,0.04758
1950,27-07-2018,0.04782
1951,28-07-2018,0.04797
1952,29-07-2018,0.04797
1953,30-07-2018,0.04797
1954,31-07-2018,0.04828
1955,01-08-2018,0.04828
1956,02-08-2018,0.04758
1957,03-08-2018,0.04735
1958,04-08-2018,0.04681
1959,05-08-2018,0.04681
1960,06-08-2018,0.04681
1961,07-08-2018,0.0468
1962,08-08-2018,0.04569
1963,09-08-2018,0.04511
1964,10-08-2018,0.04337
1965,11-08-2018,0.04295
1966,12-08-2018,0.04295
1967,13-08-2018,0.04295
1968,14-08-2018,0.04364
1969,15-08-2018,0.0434
1970,16-08-2018,0.04388
1971,17-08-2018,0.04371
1972,18-08-2018,0.04415
1973,19-08-2018,0.04415
1974,20-08-2018,0.04415
1975,21-08-2018,0.04415
1976,22-08-2018,0.043
1977,23-08-2018,0.04139
1978,24-08-2018,0.04102
1979,25-08-2018,0.04215
1980,26-08-2018,0.04215
1981,27-08-2018,0.04215
1982,28-08-2018,0.04153
1983,29-08-2018,0.04199
1984,30-08-2018,0.04122
1985,31-08-2018,0.0414
1986,01-09-2018,0.04129
1987,02-09-2018,0.04129
1988,03-09-2018,0.04129
1989,04-09-2018,0.04092
1990,05-09-2018,0.04002
1991,06-09-2018,0.0395
1992,07-09-2018,0.03933
1993,08-09-2018,0.0386
1994,09-09-2018,0.0386
1995,10-09-2018,0.0386
1996,11-09-2018,0.039
1997,12-09-2018,0.0396
1998,13-09-2018,0.04048
1999,14-09-2018,0.04005
2000,15-09-2018,0.04004
2001,16-09-2018,0.04004
2002,17-09-2018,0.04004
2003,18-09-2018,0.04118
2004,19-09-2018,0.04128
2005,20-09-2018,0.04111
2006,21-09-2018,0.0422
2007,22-09-2018,0.04191
2008,23-09-2018,0.04191
2009,24-09-2018,0.04191
2010,25-09-2018,0.0416
2011,26-09-2018,0.04118
2012,27-09-2018,0.0413
2013,28-09-2018,0.04076
2014,29-09-2018,0.04031
2015,30-09-2018,0.04031
2016,01-10-2018,0.04031
2017,02-10-2018,0.04037
2018,03-10-2018,0.04071
2019,04-10-2018,0.0399
2020,05-10-2018,0.03958
2021,06-10-2018,0.03921
2022,07-10-2018,0.03921
2023,08-10-2018,0.03921
2024,09-10-2018,0.0384
2025,10-10-2018,0.03813
2026,11-10-2018,0.0377
2027,12-10-2018,0.03795
2028,13-10-2018,0.03849
2029,14-10-2018,0.03849
2030,15-10-2018,0.03849
2031,16-10-2018,0.0384
2032,17-10-2018,0.03846
2033,18-10-2018,0.03793
2034,19-10-2018,0.03689
2035,20-10-2018,0.03614
2036,21-10-2018,0.03614
2037,22-10-2018,0.03614
2038,23-10-2018,0.0362
2039,24-10-2018,0.03685
2040,25-10-2018,0.03635
2041,26-10-2018,0.03574
2042,27-10-2018,0.0364
2043,28-10-2018,0.0364
2044,29-10-2018,0.0364
2045,30-10-2018,0.0366
2046,31-10-2018,0.03658
2047,01-11-2018,0.0362
2048,02-11-2018,0.03613
2049,03-11-2018,0.03615
2050,04-11-2018,0.03615
2051,05-11-2018,0.03615
2052,06-11-2018,0.03615
2053,07-11-2018,0.03819
2054,08-11-2018,0.03803
2055,09-11-2018,0.03757
2056,10-11-2018,0.03818
2057,11-11-2018,0.03818
2058,12-11-2018,0.03818
2059,13-11-2018,0.03844
2060,14-11-2018,0.03815
2061,15-11-2018,0.03928
2062,16-11-2018,0.03916
2063,17-11-2018,0.0388
2064,18-11-2018,0.0388
2065,19-11-2018,0.0388
2066,20-11-2018,0.03743
2067,21-11-2018,0.03722
2068,22-11-2018,0.0373
2069,23-11-2018,0.03706
2070,24-11-2018,0.036695
2071,25-11-2018,0.036695
2072,26-11-2018,0.036695
2073,27-11-2018,0.03683
2074,28-11-2018,0.03758
2075,29-11-2018,0.03803
2076,30-11-2018,0.0373
2077,01-12-2018,0.0376
2078,02-12-2018,0.0376
2079,03-12-2018,0.0376
2080,04-12-2018,0.03699
2081,05-12-2018,0.036995
2082,06-12-2018,0.03671
2083,07-12-2018,0.036555
2084,08-12-2018,0.0361
2085,09-12-2018,0.0361
2086,10-12-2018,0.0361
2087,11-12-2018,0.036005
2088,12-12-2018,0.03625
2089,13-12-2018,0.03608
2090,14-12-2018,0.035995
2091,15-12-2018,0.03634
2092,16-12-2018,0.03634
2093,17-12-2018,0.03634
2094,18-12-2018,0.0362
2095,19-12-2018,0.0363
2096,20-12-2018,0.03587
2097,21-12-2018,0.035245
2098,22-12-2018,0.03472
2099,23-12-2018,0.03472
2100,24-12-2018,0.03472
2101,25-12-2018,0.034175
2102,26-12-2018,0.034455
2103,27-12-2018,0.03405
2104,28-12-2018,0.03391
2105,29-12-2018,0.03385
2106,30-12-2018,0.03421
2107,31-12-2018,0.03421
2108,01-01-2019,0.03421
2109,02-01-2019,0.03421
2110,03-01-2019,0.03421
2111,04-01-2019,0.03462
2112,05-01-2019,0.03484
2113,06-01-2019,0.03484
2114,07-01-2019,0.03484
2115,08-01-2019,0.03484
2116,09-01-2019,0.035
2117,10-01-2019,0.035045
2118,11-01-2019,0.035185
2119,12-01-2019,0.0353
2120,13-01-2019,0.0353
2121,14-01-2019,0.0353
2122,15-01-2019,0.035465
2123,16-01-2019,0.03565
2124,17-01-2019,0.035705
2125,18-01-2019,0.0371
2126,19-01-2019,0.03689
2127,20-01-2019,0.03689
2128,21-01-2019,0.03689
2129,22-01-2019,0.0371
2130,23-01-2019,0.037535
2131,24-01-2019,0.036925
2132,25-01-2019,0.03696
2133,26-01-2019,0.03694
2134,27-01-2019,0.03694
2135,28-01-2019,0.03694
2136,29-01-2019,0.03742
2137,30-01-2019,0.03748
2138,31-01-2019,0.03777
2139,01-02-2019,0.037915
2140,02-02-2019,0.038345
2141,03-02-2019,0.038345
2142,04-02-2019,0.038345
2143,05-02-2019,0.03821
2144,06-02-2019,0.03761
2145,07-02-2019,0.03701
2146,08-02-2019,0.03713
2147,09-02-2019,0.0376
2148,10-02-2019,0.0376
2149,11-02-2019,0.0376
2150,12-02-2019,0.0379
2151,13-02-2019,0.036985
2152,14-02-2019,0.03604
2153,15-02-2019,0.0366
2154,16-02-2019,0.03633
2155,17-02-2019,0.03633
2156,18-02-2019,0.03633
2157,19-02-2019,0.036245
2158,20-02-2019,0.03642
2159,21-02-2019,0.036065
2160,22-02-2019,0.03608
2161,23-02-2019,0.03624
2162,24-02-2019,0.03624
2163,25-02-2019,0.03624
2164,26-02-2019,0.0358
2165,27-02-2019,0.035955
2166,28-02-2019,0.0359
2167,01-03-2019,0.03603
2168,02-03-2019,0.03597
2169,03-03-2019,0.03597
2170,04-03-2019,0.03597
2171,05-03-2019,0.0353
2172,06-03-2019,0.035495
2173,07-03-2019,0.03522
2174,08-03-2019,0.03537
2175,09-03-2019,0.03537
2176,10-03-2019,0.03537
2177,11-03-2019,0.03537
2178,12-03-2019,0.03565
2179,13-03-2019,0.03634
2180,14-03-2019,0.036215
2181,15-03-2019,0.03739
2182,16-03-2019,0.03692
2183,17-03-2019,0.03692
2184,18-03-2019,0.03692
2185,19-03-2019,0.03677
2186,20-03-2019,0.03669
2187,21-03-2019,0.036515
2188,22-03-2019,0.036
2189,23-03-2019,0.03633
2190,24-03-2019,0.03633
2191,25-03-2019,0.03633
2192,26-03-2019,0.03625
2193,27-03-2019,0.03595
2194,28-03-2019,0.036
2195,29-03-2019,0.035645
2196,30-03-2019,0.036195
2197,31-03-2019,0.036195
2198,01-04-2019,0.036195
2199,02-04-2019,0.0362
2200,03-04-2019,0.03661
2201,04-04-2019,0.0365
2202,05-04-2019,0.03632
2203,06-04-2019,0.0363
2204,07-04-2019,0.0363
2205,08-04-2019,0.0363
2206,09-04-2019,0.03628
2207,10-04-2019,0.036885
2208,11-04-2019,0.036695
2209,12-04-2019,0.036255
2210,13-04-2019,0.03597
2211,14-04-2019,0.03597
2212,15-04-2019,0.03597
2213,16-04-2019,0.03608
2214,17-04-2019,0.0359
2215,18-04-2019,0.03601
2216,19-04-2019,0.03581
2217,20-04-2019,0.035785
2218,21-04-2019,0.035785
2219,22-04-2019,0.035785
2220,23-04-2019,0.03533
2221,24-04-2019,0.03577
2222,25-04-2019,0.035375
2223,26-04-2019,0.03541
2224,27-04-2019,0.03543
2225,28-04-2019,0.03543
2226,29-04-2019,0.03543
2227,30-04-2019,0.0355
2228,01-05-2019,0.03554
2229,02-05-2019,0.03554
2230,03-05-2019,0.03578
2231,04-05-2019,0.03576
2232,05-05-2019,0.03576
2233,06-05-2019,0.03576
2234,07-05-2019,0.035575
2235,08-05-2019,0.03546
2236,09-05-2019,0.035195
2237,10-05-2019,0.035195
2238,11-05-2019,0.034975
2239,12-05-2019,0.034975
2240,13-05-2019,0.034975
2241,14-05-2019,0.03493
2242,15-05-2019,0.035095
2243,16-05-2019,0.03496
2244,17-05-2019,0.0351
2245,18-05-2019,0.03499
2246,19-05-2019,0.03499
2247,20-05-2019,0.03499
2248,21-05-2019,0.0349
2249,22-05-2019,0.035185
2250,23-05-2019,0.03875
2251,24-05-2019,0.0372
2252,25-05-2019,0.03761
2253,26-05-2019,0.03761
2254,27-05-2019,0.03761
2255,28-05-2019,0.036535
2256,29-05-2019,0.0368
2257,30-05-2019,0.0367
2258,31-05-2019,0.036705
2259,01-06-2019,0.03698
2260,02-06-2019,0.03698
2261,03-06-2019,0.03698
2262,04-06-2019,0.03718
2263,05-06-2019,0.0387
2264,06-06-2019,0.03897
2265,07-06-2019,0.039
2266,08-06-2019,0.03945
2267,09-06-2019,0.03945
2268,10-06-2019,0.03945
2269,11-06-2019,0.04
2270,12-06-2019,0.04065
2271,13-06-2019,0.04065
2272,14-06-2019,0.04032
2273,15-06-2019,0.040485
2274,16-06-2019,0.040485
2275,17-06-2019,0.040485
2276,18-06-2019,0.04044
2277,19-06-2019,0.04023
2278,20-06-2019,0.040415
2279,21-06-2019,0.0402
2280,22-06-2019,0.040725
2281,23-06-2019,0.040725
2282,24-06-2019,0.040725
2283,25-06-2019,0.040575
2284,26-06-2019,0.04026
2285,27-06-2019,0.04013
2286,28-06-2019,0.03988
2287,29-06-2019,0.04025
2288,30-06-2019,0.04025
2289,01-07-2019,0.04025
2290,02-07-2019,0.0405
2291,03-07-2019,0.040585
2292,04-07-2019,0.041395
2293,05-07-2019,0.041355
2294,06-07-2019,0.04255
2295,07-07-2019,0.04255
2296,08-07-2019,0.04255
2297,09-07-2019,0.04313
2298,10-07-2019,0.04393
2299,11-07-2019,0.044
2300,12-07-2019,0.044
2301,13-07-2019,0.04399
2302,14-07-2019,0.04399
2303,15-07-2019,0.04399
2304,16-07-2019,0.04301
2305,17-07-2019,0.042445
2306,18-07-2019,0.04218
2307,19-07-2019,0.0424
2308,20-07-2019,0.043405
2309,21-07-2019,0.043405
2310,22-07-2019,0.043405
2311,23-07-2019,0.04323
2312,24-07-2019,0.04295
2313,25-07-2019,0.04315
2314,26-07-2019,0.0427
2315,27-07-2019,0.04281
2316,28-07-2019,0.04281
2317,29-07-2019,0.04281
2318,30-07-2019,0.0428
2319,31-07-2019,0.0425
2320,01-08-2019,0.042535
2321,02-08-2019,0.042015
2322,03-08-2019,0.041545
2323,04-08-2019,0.041545
2324,05-08-2019,0.041545
2325,06-08-2019,0.0416
2326,07-08-2019,0.04085
2327,08-08-2019,0.041
2328,09-08-2019,0.0406
2329,10-08-2019,0.0406
2330,11-08-2019,0.0406
2331,12-08-2019,0.0406
2332,13-08-2019,0.04022
2333,14-08-2019,0.03901
2334,15-08-2019,0.03863
2335,16-08-2019,0.0381
2336,17-08-2019,0.038365
2337,18-08-2019,0.038365
2338,19-08-2019,0.038365
2339,20-08-2019,0.03932
2340,21-08-2019,0.03933
2341,22-08-2019,0.03857
2342,23-08-2019,0.038105
2343,24-08-2019,0.03806
2344,25-08-2019,0.03806
2345,26-08-2019,0.03806
2346,27-08-2019,0.03838
2347,28-08-2019,0.03847
2348,29-08-2019,0.03858
2349,30-08-2019,0.03868
2350,31-08-2019,0.039405
2351,01-09-2019,0.039405
2352,02-09-2019,0.039405
2353,03-09-2019,0.0392
2354,04-09-2019,0.04291
2355,05-09-2019,0.042005
2356,06-09-2019,0.04195
2357,07-09-2019,0.0415
2358,08-09-2019,0.0415
2359,09-09-2019,0.0415
2360,10-09-2019,0.04265
2361,11-09-2019,0.0427
2362,12-09-2019,0.042875
2363,13-09-2019,0.0425
2364,14-09-2019,0.04267
2365,15-09-2019,0.04267
2366,16-09-2019,0.04267
2367,17-09-2019,0.04234
2368,18-09-2019,0.042555
2369,19-09-2019,0.042455
2370,20-09-2019,0.0424
2371,21-09-2019,0.04207
2372,22-09-2019,0.04207
2373,23-09-2019,0.04207
2374,24-09-2019,0.042075
2375,25-09-2019,0.0423
2376,26-09-2019,0.04292
2377,27-09-2019,0.042695
2378,28-09-2019,0.042595
2379,29-09-2019,0.042595
2380,30-09-2019,0.042595
2381,01-10-2019,0.0423
2382,02-10-2019,0.04131
2383,03-10-2019,0.0409
2384,04-10-2019,0.04075
2385,05-10-2019,0.041465
2386,06-10-2019,0.041465
2387,07-10-2019,0.041465
2388,08-10-2019,0.040655
2389,09-10-2019,0.0408
2390,10-10-2019,0.04135
2391,11-10-2019,0.041925
2392,12-10-2019,0.04175
2393,13-10-2019,0.04175
2394,14-10-2019,0.04175
2395,15-10-2019,0.0417
2396,16-10-2019,0.04198
2397,17-10-2019,0.042005
2398,18-10-2019,0.0428
2399,19-10-2019,0.04364
2400,20-10-2019,0.04364
2401,21-10-2019,0.04364
2402,22-10-2019,0.0437
2403,23-10-2019,0.0432
2404,24-10-2019,0.042855
2405,25-10-2019,0.042985
2406,26-10-2019,0.042825
2407,27-10-2019,0.042825
2408,28-10-2019,0.042825
2409,29-10-2019,0.04306
2410,30-10-2019,0.0435
2411,31-10-2019,0.04309
2412,01-11-2019,0.043145
2413,02-11-2019,0.044025
2414,03-11-2019,0.044025
2415,04-11-2019,0.044025
2416,05-11-2019,0.044025
2417,06-11-2019,0.0442
2418,07-11-2019,0.0443
2419,08-11-2019,0.046
2420,09-11-2019,0.04695
2421,10-11-2019,0.04695
2422,11-11-2019,0.04695
2423,12-11-2019,0.047
2424,13-11-2019,0.04733
2425,14-11-2019,0.047065
2426,15-11-2019,0.04692
2427,16-11-2019,0.0462
2428,17-11-2019,0.0462
2429,18-11-2019,0.0462
2430,19-11-2019,0.04646
2431,20-11-2019,0.046
2432,21-11-2019,0.045995
2433,22-11-2019,0.04619
2434,23-11-2019,0.04625
2435,24-11-2019,0.04625
2436,25-11-2019,0.04625
2437,26-11-2019,0.045875
2438,27-11-2019,0.0458
2439,28-11-2019,0.04543
2440,29-11-2019,0.04533
2441,30-11-2019,0.044915
2442,01-12-2019,0.044915
2443,02-12-2019,0.044915
2444,03-12-2019,0.044245
2445,04-12-2019,0.044595
2446,05-12-2019,0.044715
2447,06-12-2019,0.045275
2448,07-12-2019,0.04545
2449,08-12-2019,0.04545
2450,09-12-2019,0.04545
2451,10-12-2019,0.04517
2452,11-12-2019,0.045305
2453,12-12-2019,0.045355
2454,13-12-2019,0.04635
2455,14-12-2019,0.04651
2456,15-12-2019,0.04651
2457,16-12-2019,0.04651
2458,17-12-2019,0.04655
2459,18-12-2019,0.04692
2460,19-12-2019,0.046515
2461,20-12-2019,0.0463
2462,21-12-2019,0.046505
2463,22-12-2019,0.046505
2464,23-12-2019,0.046505
2465,24-12-2019,0.04635
2466,25-12-2019,0.04598
2467,26-12-2019,0.046
2468,27-12-2019,0.04588
2469,28-12-2019,0.0459
2470,29-12-2019,0.0459
2471,30-12-2019,0.0459
2472,31-12-2019,0.04624
2473,01-01-2020,0.04624
2474,02-01-2020,0.04624
2475,03-01-2020,0.04624
2476,04-01-2020,0.04611
2477,05-01-2020,0.04611
2478,06-01-2020,0.04611
2479,07-01-2020,0.046525
2480,08-01-2020,0.046525
2481,09-01-2020,0.047075
2482,10-01-2020,0.0476
2483,11-01-2020,0.04806
2484,12-01-2020,0.04806
2485,13-01-2020,0.04806
2486,14-01-2020,0.04726
2487,15-01-2020,0.046805
2488,16-01-2020,0.047825
2489,17-01-2020,0.048035
2490,18-01-2020,0.048015
2491,19-01-2020,0.048015
2492,20-01-2020,0.048015
2493,21-01-2020,0.04981
2494,22-01-2020,0.04897
2495,23-01-2020,0.0485
2496,24-01-2020,0.048
2497,25-01-2020,0.04682
2498,26-01-2020,0.04682
2499,27-01-2020,0.04682
2500,28-01-2020,0.0472
2501,29-01-2020,0.04754
2502,30-01-2020,0.047045
2503,31-01-2020,0.0464
2504,01-02-2020,0.04615
2505,02-02-2020,0.04615
2506,03-02-2020,0.04615
2507,04-02-2020,0.047255
2508,05-02-2020,0.04768
2509,06-02-2020,0.048075
2510,07-02-2020,0.04809
2511,08-02-2020,0.0474
2512,09-02-2020,0.0474
2513,10-02-2020,0.0474
2514,11-02-2020,0.04744
2515,12-02-2020,0.04787
2516,13-02-2020,0.048
2517,14-02-2020,0.047885
2518,15-02-2020,0.048095
2519,16-02-2020,0.048095
2520,17-02-2020,0.048095
2521,18-02-2020,0.047205
2522,19-02-2020,0.04747
2523,20-02-2020,0.04751
2524,21-02-2020,0.04796
2525,22-02-2020,0.047295
2526,23-02-2020,0.047295
2527,24-02-2020,0.047295
2528,25-02-2020,0.047295
2529,26-02-2020,0.04723
2530,27-02-2020,0.04539
2531,28-02-2020,0.04333
2532,29-02-2020,0.043
2533,01-03-2020,0.043
2534,02-03-2020,0.043
2535,03-03-2020,0.043255
2536,04-03-2020,0.043155
2537,05-03-2020,0.04307
2538,06-03-2020,0.04122
2539,07-03-2020,0.03745
2540,08-03-2020,0.03745
2541,09-03-2020,0.03745
2542,10-03-2020,0.03745
2543,11-03-2020,0.036355
2544,12-03-2020,0.03112
2545,13-03-2020,0.031575
2546,14-03-2020,0.03015
2547,15-03-2020,0.03015
2548,16-03-2020,0.03015
2549,17-03-2020,0.029735
2550,18-03-2020,0.02814
2551,19-03-2020,0.03057
2552,20-03-2020,0.0315
2553,21-03-2020,0.0316
2554,22-03-2020,0.0316
2555,23-03-2020,0.0316
2556,24-03-2020,0.03288
2557,25-03-2020,0.0328
2558,26-03-2020,0.0325
2559,27-03-2020,0.0311
2560,28-03-2020,0.03165
2561,29-03-2020,0.03165
2562,30-03-2020,0.03165
2563,31-03-2020,0.0326
2564,01-04-2020,0.03203
2565,02-04-2020,0.032175
2566,03-04-2020,0.03208
2567,04-04-2020,0.03367
2568,05-04-2020,0.03367
2569,06-04-2020,0.03367
2570,07-04-2020,0.03437
2571,08-04-2020,0.035
2572,09-04-2020,0.0364
2573,10-04-2020,0.03659
2574,11-04-2020,0.0359
2575,12-04-2020,0.0359
2576,13-04-2020,0.0359
2577,14-04-2020,0.035415
2578,15-04-2020,0.03324
2579,16-04-2020,0.034
2580,17-04-2020,0.0343
2581,18-04-2020,0.033805
2582,19-04-2020,0.033805
2583,20-04-2020,0.033805
2584,21-04-2020,0.0331
2585,22-04-2020,0.034
2586,23-04-2020,0.03427
2587,24-04-2020,0.033705
2588,25-04-2020,0.0339
2589,26-04-2020,0.0339
2590,27-04-2020,0.0339
2591,28-04-2020,0.0345
2592,29-04-2020,0.035195
2593,30-04-2020,0.0349
2594,01-05-2020,0.03486
2595,02-05-2020,0.03486
2596,03-05-2020,0.03486
2597,04-05-2020,0.03486
2598,05-05-2020,0.035475
2599,06-05-2020,0.03531
2600,07-05-2020,0.03553
2601,08-05-2020,0.035375
2602,09-05-2020,0.035185
2603,10-05-2020,0.035185
2604,11-05-2020,0.035185
2605,12-05-2020,0.035185
2606,13-05-2020,0.034205
2607,14-05-2020,0.03431
2608,15-05-2020,0.034215
2609,16-05-2020,0.03499
2610,17-05-2020,0.03499
2611,18-05-2020,0.03499
2612,19-05-2020,0.03483
2613,20-05-2020,0.03521
2614,21-05-2020,0.03496
2615,22-05-2020,0.03467
2616,23-05-2020,0.035005
2617,24-05-2020,0.035005
2618,25-05-2020,0.035005
2619,26-05-2020,0.0351
2620,27-05-2020,0.03539
2621,28-05-2020,0.03597
2622,29-05-2020,0.03631
2623,30-05-2020,0.03664
2624,31-05-2020,0.03664
2625,01-06-2020,0.03664
2626,02-06-2020,0.037175
2627,03-06-2020,0.03798
2628,04-06-2020,0.03715
2629,05-06-2020,0.037595
2630,06-06-2020,0.037695
2631,07-06-2020,0.037695
2632,08-06-2020,0.037695
2633,09-06-2020,0.0377
2634,10-06-2020,0.03758
2635,11-06-2020,0.036745
2636,12-06-2020,0.036845
2637,13-06-2020,0.036845
2638,14-06-2020,0.036845
2639,15-06-2020,0.036845
2640,16-06-2020,0.03688
2641,17-06-2020,0.0365
2642,18-06-2020,0.0359
2643,19-06-2020,0.035255
2644,20-06-2020,0.035565
2645,21-06-2020,0.035565
2646,22-06-2020,0.035565
2647,23-06-2020,0.03554
2648,24-06-2020,0.0356
2649,25-06-2020,0.0356
2650,26-06-2020,0.03515
2651,27-06-2020,0.035485
2652,28-06-2020,0.035485
2653,29-06-2020,0.035485
2654,30-06-2020,0.03505
2655,01-07-2020,0.03541
2656,02-07-2020,0.03541
2657,03-07-2020,0.03567
2658,04-07-2020,0.03608
2659,05-07-2020,0.03608
2660,06-07-2020,0.03608
2661,07-07-2020,0.035735
2662,08-07-2020,0.03551
2663,09-07-2020,0.035175
2664,10-07-2020,0.035235
2665,11-07-2020,0.035
2666,12-07-2020,0.035
2667,13-07-2020,0.035
2668,14-07-2020,0.034915
2669,15-07-2020,0.034995
2670,16-07-2020,0.03481
2671,17-07-2020,0.0348
2672,18-07-2020,0.0371
2673,19-07-2020,0.0371
2674,20-07-2020,0.0371
2675,21-07-2020,0.03807
2676,22-07-2020,0.03789
2677,23-07-2020,0.037465
2678,24-07-2020,0.03795
2679,25-07-2020,0.03921
2680,26-07-2020,0.03921
2681,27-07-2020,0.03921
2682,28-07-2020,0.038905
2683,29-07-2020,0.03924
2684,30-07-2020,0.03861
2685,31-07-2020,0.038755
2686,01-08-2020,0.040125
2687,02-08-2020,0.040125
2688,03-08-2020,0.040125
2689,04-08-2020,0.040385
2690,05-08-2020,0.03855
2691,06-08-2020,0.03783
2692,07-08-2020,0.03672
2693,08-08-2020,0.036755
2694,09-08-2020,0.036755
2695,10-08-2020,0.036755
2696,11-08-2020,0.03693
2697,12-08-2020,0.03768
2698,13-08-2020,0.03764
2699,14-08-2020,0.03772
2700,15-08-2020,0.03761
2701,16-08-2020,0.03761
2702,17-08-2020,0.03761
2703,18-08-2020,0.037355
2704,19-08-2020,0.037445
2705,20-08-2020,0.03697
2706,21-08-2020,0.03636
2707,22-08-2020,0.036315
2708,23-08-2020,0.036315
2709,24-08-2020,0.036315
2710,25-08-2020,0.03585
2711,26-08-2020,0.036065
2712,27-08-2020,0.03609
2713,28-08-2020,0.03595
2714,29-08-2020,0.035375
2715,30-08-2020,0.035375
2716,31-08-2020,0.035375
2717,01-09-2020,0.036065
2718,02-09-2020,0.035555
2719,03-09-2020,0.03508
2720,04-09-2020,0.035335
2721,05-09-2020,0.03521
2722,06-09-2020,0.03521
2723,07-09-2020,0.03521
2724,08-09-2020,0.034825
2725,09-09-2020,0.03503
2726,10-09-2020,0.03515
2727,11-09-2020,0.03542
2728,12-09-2020,0.0358
2729,13-09-2020,0.0358
2730,14-09-2020,0.0358
2731,15-09-2020,0.036185
2732,16-09-2020,0.035795
2733,17-09-2020,0.035705
2734,18-09-2020,0.03549
2735,19-09-2020,0.034855
2736,20-09-2020,0.034855
2737,21-09-2020,0.034855
2738,22-09-2020,0.034635
2739,23-09-2020,0.034355
2740,24-09-2020,0.034275
2741,25-09-2020,0.034225
2742,26-09-2020,0.034495
2743,27-09-2020,0.034495
2744,28-09-2020,0.034495
2745,29-09-2020,0.03458
2746,30-09-2020,0.034475
2747,01-10-2020,0.03425
2748,02-10-2020,0.033835
2749,03-10-2020,0.03375
2750,04-10-2020,0.03375
2751,05-10-2020,0.03375
2752,06-10-2020,0.03379
2753,07-10-2020,0.033405
2754,08-10-2020,0.033395
2755,09-10-2020,0.033205
2756,10-10-2020,0.03323
2757,11-10-2020,0.03323
2758,12-10-2020,0.03323
2759,13-10-2020,0.03304
2760,14-10-2020,0.033225
2761,15-10-2020,0.032655
2762,16-10-2020,0.03202
2763,17-10-2020,0.031725
2764,18-10-2020,0.031725
2765,19-10-2020,0.031725
2766,20-10-2020,0.03389
2767,21-10-2020,0.0336
2768,22-10-2020,0.03464
2769,23-10-2020,0.034785
2770,24-10-2020,0.034115
2771,25-10-2020,0.034115
2772,26-10-2020,0.034115
2773,27-10-2020,0.033435
2774,28-10-2020,0.032225
2775,29-10-2020,0.03276
2776,30-10-2020,0.032665
2777,31-10-2020,0.032865
2778,01-11-2020,0.032865
2779,02-11-2020,0.032865
2780,03-11-2020,0.032955
2781,04-11-2020,0.033645
2782,05-11-2020,0.033645
2783,06-11-2020,0.033605
2784,07-11-2020,0.03439
2785,08-11-2020,0.03439
2786,09-11-2020,0.03439
2787,10-11-2020,0.03464
2788,11-11-2020,0.03414
2789,12-11-2020,0.035935
2790,13-11-2020,0.0366
2791,14-11-2020,0.0372
2792,15-11-2020,0.0372
2793,16-11-2020,0.0372
2794,17-11-2020,0.0362
2795,18-11-2020,0.03605
2796,19-11-2020,0.0361
2797,20-11-2020,0.036545
2798,21-11-2020,0.03653
2799,22-11-2020,0.03653
2800,23-11-2020,0.03653
2801,24-11-2020,0.036935
2802,25-11-2020,0.03682
2803,26-11-2020,0.037
2804,27-11-2020,0.037765
2805,28-11-2020,0.03721
2806,29-11-2020,0.03721
2807,30-11-2020,0.03721
2808,01-12-2020,0.0377
2809,02-12-2020,0.03797
2810,03-12-2020,0.037755
2811,04-12-2020,0.037835
2812,05-12-2020,0.03749
2813,06-12-2020,0.03749
2814,07-12-2020,0.03749
2815,08-12-2020,0.03748
2816,09-12-2020,0.03732
2817,10-12-2020,0.03803
2818,11-12-2020,0.037945
2819,12-12-2020,0.03783
2820,13-12-2020,0.03783
2821,14-12-2020,0.03783
2822,15-12-2020,0.037765
2823,16-12-2020,0.038315
2824,17-12-2020,0.03835
2825,18-12-2020,0.03815
2826,19-12-2020,0.03718
2827,20-12-2020,0.03718
2828,21-12-2020,0.03718
2829,22-12-2020,0.037205
2830,23-12-2020,0.037945
2831,24-12-2020,0.03783
2832,25-12-2020,0.03795
2833,26-12-2020,0.03801
2834,27-12-2020,0.03801
2835,28-12-2020,0.03801
2836,29-12-2020,0.037755
2837,30-12-2020,0.037895
2838,31-12-2020,0.037925
2839,01-01-2021,0.037925
2840,02-01-2021,0.037925
2841,03-01-2021,0.037925
2842,04-01-2021,0.037925
2843,05-01-2021,0.038445
2844,06-01-2021,0.038235
2845,07-01-2021,0.03894
2846,08-01-2021,0.03894
2847,09-01-2021,0.03989
2848,10-01-2021,0.03989
2849,11-01-2021,0.03989
2850,12-01-2021,0.040175
2851,13-01-2021,0.039735
2852,14-01-2021,0.039875
2853,15-01-2021,0.03956
2854,16-01-2021,0.03916
2855,17-01-2021,0.03916
2856,18-01-2021,0.03916
2857,19-01-2021,0.038645
2858,20-01-2021,0.03879
2859,21-01-2021,0.03787
2860,22-01-2021,0.03737
2861,23-01-2021,0.03772
2862,24-01-2021,0.03772
2863,25-01-2021,0.03772
2864,26-01-2021,0.03772
2865,27-01-2021,0.037065
2866,28-01-2021,0.03709
2867,29-01-2021,0.036635
2868,30-01-2021,0.036945
2869,31-01-2021,0.036945
2870,01-02-2021,0.036945
2871,02-02-2021,0.036945
2872,03-02-2021,0.037
2873,04-02-2021,0.03738
2874,05-02-2021,0.037885
2875,06-02-2021,0.038285
2876,07-02-2021,0.038285
2877,08-02-2021,0.038285
2878,09-02-2021,0.037805
2879,10-02-2021,0.03737
2880,11-02-2021,0.03747
2881,12-02-2021,0.037685
2882,13-02-2021,0.03808
2883,14-02-2021,0.03808
2884,15-02-2021,0.03808
2885,16-02-2021,0.03789
2886,17-02-2021,0.03768
2887,18-02-2021,0.03694
2888,19-02-2021,0.03738
2889,20-02-2021,0.03731
2890,21-02-2021,0.03735
2891,22-02-2021,0.03735
2892,23-02-2021,0.03748
2893,24-02-2021,0.03748
2894,25-02-2021,0.037415
2895,26-02-2021,0.037075
2896,27-02-2021,0.037385
2897,28-02-2021,0.037385
2898,01-03-2021,0.037385
2899,02-03-2021,0.037605
2900,03-03-2021,0.037445
2901,04-03-2021,0.036975
2902,05-03-2021,0.03759
2903,06-03-2021,0.038465
2904,07-03-2021,0.038465
2905,08-03-2021,0.038465
2906,09-03-2021,0.038465
2907,10-03-2021,0.03831
2908,11-03-2021,0.038265
2909,12-03-2021,0.038175
2910,13-03-2021,0.03857
2911,14-03-2021,0.03857
2912,15-03-2021,0.03857
2913,16-03-2021,0.038765
2914,17-03-2021,0.038215
2915,18-03-2021,0.03761
2916,19-03-2021,0.03785
2917,20-03-2021,0.03816
2918,21-03-2021,0.03816
2919,22-03-2021,0.03816
2920,23-03-2021,0.0378
2921,24-03-2021,0.037915
2922,25-03-2021,0.03805
2923,26-03-2021,0.03838
2924,27-03-2021,0.038785
2925,28-03-2021,0.038785
2926,29-03-2021,0.038785
2927,30-03-2021,0.03986
2928,31-03-2021,0.042715
2929,01-04-2021,0.04258
2930,02-04-2021,0.042855
2931,03-04-2021,0.044375
2932,04-04-2021,0.044375
2933,05-04-2021,0.044375
2934,06-04-2021,0.0429
2935,07-04-2021,0.0441
2936,08-04-2021,0.044055
2937,09-04-2021,0.04375
2938,10-04-2021,0.04402
2939,11-04-2021,0.04402
2940,12-04-2021,0.04402
2941,13-04-2021,0.04548
2942,14-04-2021,0.04676
2943,15-04-2021,0.046355
2944,16-04-2021,0.047475
2945,17-04-2021,0.04642
2946,18-04-2021,0.04642
2947,19-04-2021,0.04642
2948,20-04-2021,0.046825
2949,21-04-2021,0.04786
2950,22-04-2021,0.048
2951,23-04-2021,0.05136
2952,24-04-2021,0.051315
2953,25-04-2021,0.051315
2954,26-04-2021,0.051315
2955,27-04-2021,0.051295
2956,28-04-2021,0.05033
2957,29-04-2021,0.05001
2958,30-04-2021,0.0516
2959,01-05-2021,0.054695
2960,02-05-2021,0.054695
2961,03-05-2021,0.054695
2962,04-05-2021,0.054695
2963,05-05-2021,0.054125
2964,06-05-2021,0.054285
2965,07-05-2021,0.052725
2966,08-05-2021,0.050895
2967,09-05-2021,0.050895
2968,10-05-2021,0.050895
2969,11-05-2021,0.04958
2970,12-05-2021,0.048605
2971,13-05-2021,0.051055
2972,14-05-2021,0.050075
2973,15-05-2021,0.04796
2974,16-05-2021,0.04796
2975,17-05-2021,0.04796
2976,18-05-2021,0.04567
2977,19-05-2021,0.0453
2978,20-05-2021,0.04632
2979,21-05-2021,0.045605
2980,22-05-2021,0.045415
2981,23-05-2021,0.045415
2982,24-05-2021,0.045415
2983,25-05-2021,0.04536
2984,26-05-2021,0.047485
2985,27-05-2021,0.048695
2986,28-05-2021,0.048395
2987,29-05-2021,0.04875
2988,30-05-2021,0.04875
2989,31-05-2021,0.04875
2990,01-06-2021,0.04955
2991,02-06-2021,0.04992
2992,03-06-2021,0.049385
2993,04-06-2021,0.048615
2994,05-06-2021,0.048795
2995,06-06-2021,0.048795
2996,07-06-2021,0.048795
2997,08-06-2021,0.05
2998,09-06-2021,0.051165
2999,10-06-2021,0.05026
3000,11-06-2021,0.050405
3001,12-06-2021,0.049935
3002,13-06-2021,0.049935
3003,14-06-2021,0.049935
3004,15-06-2021,0.049165
3005,16-06-2021,0.04838
3006,17-06-2021,0.04846
3007,18-06-2021,0.047345
3008,19-06-2021,0.048265
3009,20-06-2021,0.048265
3010,21-06-2021,0.048265
3011,22-06-2021,0.048225
3012,23-06-2021,0.048225
3013,24-06-2021,0.0485
3014,25-06-2021,0.048635
3015,26-06-2021,0.04961
3016,27-06-2021,0.04961
3017,28-06-2021,0.04961
3018,29-06-2021,0.04866
3019,30-06-2021,0.048475
3020,01-07-2021,0.048915
3021,02-07-2021,0.04877
3022,03-07-2021,0.050545
3023,04-07-2021,0.050545
3024,05-07-2021,0.050545
3025,06-07-2021,0.04948
3026,07-07-2021,0.0494
3027,08-07-2021,0.048695
3028,09-07-2021,0.048995
3029,10-07-2021,0.04889
3030,11-07-2021,0.04889
3031,12-07-2021,0.04889
3032,13-07-2021,0.048225
3033,14-07-2021,0.04731
3034,15-07-2021,0.04719
3035,16-07-2021,0.04725
3036,17-07-2021,0.046
3037,18-07-2021,0.046
3038,19-07-2021,0.046
3039,20-07-2021,0.04625
3040,21-07-2021,0.04693
3041,22-07-2021,0.04676
3042,23-07-2021,0.046735
3043,24-07-2021,0.04658
3044,25-07-2021,0.04658
3045,26-07-2021,0.04658
3046,27-07-2021,0.046235
3047,28-07-2021,0.048
3048,29-07-2021,0.04836
3049,30-07-2021,0.04846
3050,31-07-2021,0.048785
3051,01-08-2021,0.048785
3052,02-08-2021,0.048785
3053,03-08-2021,0.048995
3054,04-08-2021,0.049125
3055,05-08-2021,0.04968
3056,06-08-2021,0.049945
3057,07-08-2021,0.051005
3058,08-08-2021,0.051005
3059,09-08-2021,0.051005
3060,10-08-2021,0.05185
3061,11-08-2021,0.05312
3062,12-08-2021,0.052075
3063,13-08-2021,0.051445
3064,14-08-2021,0.052385
3065,15-08-2021,0.052385
3066,16-08-2021,0.052385
3067,17-08-2021,0.052385
3068,18-08-2021,0.05119
3069,19-08-2021,0.05048
3070,20-08-2021,0.050685
3071,21-08-2021,0.0513
3072,22-08-2021,0.0513
3073,23-08-2021,0.0513
3074,24-08-2021,0.051065
3075,25-08-2021,0.051085
3076,26-08-2021,0.050045
3077,27-08-2021,0.050805
3078,28-08-2021,0.05215
3079,29-08-2021,0.05215
3080,30-08-2021,0.05215
3081,31-08-2021,0.05269
3082,01-09-2021,0.0532
3083,02-09-2021,0.052445
3084,03-09-2021,0.0524
3085,04-09-2021,0.05409
3086,05-09-2021,0.05409
3087,06-09-2021,0.05409
3088,07-09-2021,0.05364
3089,08-09-2021,0.053785
3090,09-09-2021,0.05239
3091,10-09-2021,0.05195
3092,11-09-2021,0.05255
3093,12-09-2021,0.05255
3094,13-09-2021,0.05255
3095,14-09-2021,0.051495
3096,15-09-2021,0.05212
3097,16-09-2021,0.051635
3098,17-09-2021,0.0514
3099,18-09-2021,0.04998
3100,19-09-2021,0.04998
3101,20-09-2021,0.04998
3102,21-09-2021,0.050065
3103,22-09-2021,0.050815
3104,23-09-2021,0.050795
3105,24-09-2021,0.050925
3106,25-09-2021,0.052345
3107,26-09-2021,0.052345
3108,27-09-2021,0.052345
3109,28-09-2021,0.050855
3110,29-09-2021,0.05096
3111,30-09-2021,0.05167
3112,01-10-2021,0.051485
3113,02-10-2021,0.05168
3114,03-10-2021,0.05168
3115,04-10-2021,0.05168
3116,05-10-2021,0.053835
3117,06-10-2021,0.05416
3118,07-10-2021,0.05428
3119,08-10-2021,0.054595
3120,09-10-2021,0.05619
3121,10-10-2021,0.05619
3122,11-10-2021,0.05619
3123,12-10-2021,0.05539
3124,13-10-2021,0.05511
3125,14-10-2021,0.05537
3126,15-10-2021,0.0556
3127,16-10-2021,0.055765
3128,17-10-2021,0.055765
3129,18-10-2021,0.055765
3130,19-10-2021,0.0574
3131,20-10-2021,0.05661
3132,21-10-2021,0.05516
3133,22-10-2021,0.0544
3134,23-10-2021,0.05617
3135,24-10-2021,0.05617
3136,25-10-2021,0.05617
3137,26-10-2021,0.05597
3138,27-10-2021,0.05506
3139,28-10-2021,0.053765
3140,29-10-2021,0.05273
3141,30-10-2021,0.05354
3142,31-10-2021,0.05354
3143,01-11-2021,0.05354
3144,02-11-2021,0.05282
3145,03-11-2021,0.052885
3146,04-11-2021,0.052815
3147,05-11-2021,0.052815
3148,06-11-2021,0.05237
3149,07-11-2021,0.05237
3150,08-11-2021,0.05237
3151,09-11-2021,0.05152
3152,10-11-2021,0.050025
3153,11-11-2021,0.05125
3154,12-11-2021,0.05029
3155,13-11-2021,0.05189
3156,14-11-2021,0.05189
3157,15-11-2021,0.05189
3158,16-11-2021,0.05104
3159,17-11-2021,0.051565
3160,18-11-2021,0.05255
3161,19-11-2021,0.050495
3162,20-11-2021,0.048405
3163,21-11-2021,0.048405
3164,22-11-2021,0.048405
3165,23-11-2021,0.049875
3166,24-11-2021,0.04935
3167,25-11-2021,0.04879
3168,26-11-2021,0.04658
3169,27-11-2021,0.047375
3170,28-11-2021,0.047375
3171,29-11-2021,0.047375
3172,30-11-2021,0.047195
3173,01-12-2021,0.04758
3174,02-12-2021,0.04893
3175,03-12-2021,0.04861
3176,04-12-2021,0.04801
3177,05-12-2021,0.04801
3178,06-12-2021,0.04801
3179,07-12-2021,0.04838
3180,08-12-2021,0.047255
3181,09-12-2021,0.046915
3182,10-12-2021,0.045935
3183,11-12-2021,0.04293
3184,12-12-2021,0.04293
3185,13-12-2021,0.04293
3186,14-12-2021,0.04444
3187,15-12-2021,0.044795
3188,16-12-2021,0.04624
3189,17-12-2021,0.046905
3190,18-12-2021,0.046365
3191,19-12-2021,0.046365
3192,20-12-2021,0.046365
3193,21-12-2021,0.04734
3194,22-12-2021,0.047575
3195,23-12-2021,0.0472
3196,24-12-2021,0.04709
3197,25-12-2021,0.04773
3198,26-12-2021,0.04773
3199,27-12-2021,0.04773
3200,28-12-2021,0.048395
3201,29-12-2021,0.04843
3202,30-12-2021,0.048195
3203,31-12-2021,0.04945
3204,01-01-2022,0.04945
3205,02-01-2022,0.04945
3206,03-01-2022,0.04945
3207,04-01-2022,0.0497
3208,05-01-2022,0.04736
3209,06-01-2022,0.048445
3210,07-01-2022,
3211,08-01-2022,0.04895
3212,09-01-2022,0.04895
3213,10-01-2022,0.04895
3214,11-01-2022,0.05026
3215,12-01-2022,0.05011
3216,13-01-2022,0.047075
3217,14-01-2022,0.04641
3218,15-01-2022,0.0465
3219,16-01-2022,0.0465
3220,17-01-2022,0.0465
3221,18-01-2022,0.043635
3222,19-01-2022,0.045275
3223,20-01-2022,0.045415
3224,21-01-2022,0.043935
3225,22-01-2022,0.04118
3226,23-01-2022,0.04118
3227,24-01-2022,0.04118
3228,25-01-2022,0.042535
3229,26-01-2022,0.04129
3230,27-01-2022,0.0431
3231,28-01-2022,0.043395
3232,29-01-2022,0.04378
3233,30-01-2022,0.04378
3234,31-01-2022,0.04378
3235,01-02-2022,0.042695
3236,02-02-2022,0.0424
3237,03-02-2022,0.041245
3238,04-02-2022,0.04125
3239,05-02-2022,0.0411
3240,06-02-2022,0.0411
3241,07-02-2022,0.0411
3242,08-02-2022,0.042205
3243,09-02-2022,0.04274
3244,10-02-2022,0.0419
3245,11-02-2022,0.0405
3246,12-02-2022,0.040285
3247,13-02-2022,0.040285
3248,14-02-2022,0.040285
3249,15-02-2022,0.041885
3250,16-02-2022,0.042925
3251,17-02-2022,0.041185
3252,18-02-2022,0.03929
3253,19-02-2022,0.03212
3254,20-02-2022,0.03212
3255,21-02-2022,0.03212
3256,22-02-2022,0.034215
3257,23-02-2022,
3258,24-02-2022,0.0201
3259,25-02-2022,0.02011
3260,26-02-2022,
3261,27-02-2022,
3262,28-02-2022,
3263,01-03-2022,
3264,02-03-2022,
3265,03-03-2022,
3266,04-03-2022,
3267,05-03-2022,
3268,06-03-2022,
3269,07-03-2022,
3270,08-03-2022,
3271,09-03-2022,
3272,10-03-2022,
3273,11-03-2022,
3274,12-03-2022,
3275,13-03-2022,
3276,14-03-2022,
3277,15-03-2022,
3278,16-03-2022,
3279,17-03-2022,
3280,18-03-2022,
3281,19-03-2022,
3282,20-03-2022,
3283,21-03-2022,
3284,22-03-2022,
3285,23-03-2022,
3286,24-03-2022,0.019
3287,25-03-2022,0.0175
3288,26-03-2022,0.01685
3289,27-03-2022,0.01685
3290,28-03-2022,0.01685
3291,29-03-2022,0.0165
3292,30-03-2022,0.017155
3293,31-03-2022,0.0198
3294,01-04-2022,0.0225
3295,02-04-2022,0.0251
3296,03-04-2022,0.0251
3297,04-04-2022,0.0251
3298,05-04-2022,0.02308
3299,06-04-2022,0.02195
3300,07-04-2022,0.02281
3301,08-04-2022,0.02236
3302,09-04-2022,0.0215
3303,10-04-2022,0.0215
3304,11-04-2022,0.0215
3305,12-04-2022,0.02111
3306,13-04-2022,0.021135
3307,14-04-2022,0.019935
3308,15-04-2022,0.020125
3309,16-04-2022,0.019025
3310,17-04-2022,0.019025
3311,18-04-2022,0.019025
3312,19-04-2022,0.018695
3313,20-04-2022,0.019295
3314,21-04-2022,0.01898
3315,22-04-2022,0.01881
3316,23-04-2022,0.018155
3317,24-04-2022,0.018155
3318,25-04-2022,0.018155
3319,26-04-2022,0.019125
3320,27-04-2022,0.0199
3321,28-04-2022,0.019115
3322,29-04-2022,0.020095
3323,30-04-2022,0.01959
3324,01-05-2022,0.01959
3325,02-05-2022,0.01959
3326,03-05-2022,0.01959
3327,04-05-2022,0.01959
3328,05-05-2022,0.019795
3329,06-05-2022,0.01948
3330,07-05-2022,0.019305
3331,08-05-2022,0.019305
3332,09-05-2022,0.019305
3333,10-05-2022,0.019305
3334,11-05-2022,0.019305
3335,12-05-2022,0.018555
3336,13-05-2022,0.01865
3337,14-05-2022,0.01898
3338,15-05-2022,0.01898
3339,16-05-2022,0.01898
3340,17-05-2022,0.01933
3341,18-05-2022,0.0192
3342,19-05-2022,0.01917
3343,20-05-2022,0.018875
3344,21-05-2022,0.01857
3345,22-05-2022,0.01857
3346,23-05-2022,0.01857
3347,24-05-2022,0.018705
3348,25-05-2022,0.01881
3349,26-05-2022,0.0188
3350,27-05-2022,0.0186
3351,28-05-2022,0.0183
3352,29-05-2022,0.0183
3353,30-05-2022,0.0183
3354,31-05-2022,0.01831
3355,01-06-2022,0.018495
3356,02-06-2022,0.017935
3357,03-06-2022,0.01755
3358,04-06-2022,0.017415
3359,05-06-2022,0.017415
3360,06-06-2022,0.017415
3361,07-06-2022,0.01721
3362,08-06-2022,0.01734
3363,09-06-2022,0.01703
3364,10-06-2022,0.017
3365,11-06-2022,0.017495
3366,12-06-2022,0.017495
3367,13-06-2022,0.017495
3368,14-06-2022,0.017495
3369,15-06-2022,0.0176
3370,16-06-2022,0.017795
3371,17-06-2022,0.0179
3372,18-06-2022,0.01874
3373,19-06-2022,0.01874
3374,20-06-2022,0.01874
3375,21-06-2022,0.018205
3376,22-06-2022,0.01851
3377,23-06-2022,0.018585
3378,24-06-2022,0.0186
3379,25-06-2022,0.0191
3380,26-06-2022,0.0191
3381,27-06-2022,0.0191
3382,28-06-2022,0.0193
3383,29-06-2022,0.018705
3384,30-06-2022,0.01778
3385,01-07-2022,0.017505
3386,02-07-2022,0.01855
3387,03-07-2022,0.01855
3388,04-07-2022,0.01855
3389,05-07-2022,0.018785
3390,06-07-2022,0.01872
3391,07-07-2022,0.018735
3392,08-07-2022,0.01883
3393,09-07-2022,0.018325
3394,10-07-2022,0.018325
3395,11-07-2022,0.018325
3396,12-07-2022,0.018165
3397,13-07-2022,0.017885
3398,14-07-2022,0.01775
3399,15-07-2022,0.017985
3400,16-07-2022,0.01808
3401,17-07-2022,0.01808
3402,18-07-2022,0.01808
3403,19-07-2022,0.018405
3404,20-07-2022,0.01823
3405,21-07-2022,0.01818
3406,22-07-2022,0.01839
3407,23-07-2022,0.01851
3408,24-07-2022,0.01851
3409,25-07-2022,0.01851
3410,26-07-2022,0.01863
3411,27-07-2022,0.01845
3412,28-07-2022,0.0185
3413,29-07-2022,0.018585
3414,30-07-2022,0.018155
3415,31-07-2022,0.018155
3416,01-08-2022,0.018155
3417,02-08-2022,0.01801
3418,03-08-2022,0.0178
3419,04-08-2022,0.017945
3420,05-08-2022,0.01762
3421,06-08-2022,0.017655
3422,07-08-2022,0.017655
3423,08-08-2022,0.017655
3424,09-08-2022,0.01792
3425,10-08-2022,0.01807
3426,11-08-2022,0.01785
3427,12-08-2022,0.017955
3428,13-08-2022,0.018
3429,14-08-2022,0.018
3430,15-08-2022,0.018
3431,16-08-2022,0.018065
3432,17-08-2022,0.01818
3433,18-08-2022,0.01814
3434,19-08-2022,0.018
3435,20-08-2022,0.01804
3436,21-08-2022,0.01804
3437,22-08-2022,0.01804
3438,23-08-2022,0.01833
3439,24-08-2022,0.018275
3440,25-08-2022,0.018145
3441,26-08-2022,0.01824
3442,27-08-2022,0.01865
3443,28-08-2022,0.01865
3444,29-08-2022,0.01865
3445,30-08-2022,0.018795
3446,31-08-2022,0.019345
3447,01-09-2022,0.01953
3448,02-09-2022,0.02009
3449,03-09-2022,0.02067
3450,04-09-2022,0.02067
3451,05-09-2022,0.02067
3452,06-09-2022,0.01991
3453,07-09-2022,0.01988
3454,08-09-2022,0.01965
3455,09-09-2022,0.01986
3456,10-09-2022,0.02013
3457,11-09-2022,0.02013
3458,12-09-2022,0.02013
3459,13-09-2022,0.019945
3460,14-09-2022,0.020045
3461,15-09-2022,0.020035
3462,16-09-2022,0.01994
3463,17-09-2022,0.019875
3464,18-09-2022,0.019875
3465,19-09-2022,0.019875
3466,20-09-2022,0.01845
3467,21-09-2022,0.01743
3468,22-09-2022,0.01795
3469,23-09-2022,0.017015
3470,24-09-2022,0.015375
3471,25-09-2022,0.015375
3472,26-09-2022,0.015375
3473,27-09-2022,0.015865
3474,28-09-2022,0.015515
3475,29-09-2022,0.01497
3476,30-09-2022,0.01493
3477,01-10-2022,0.015725
3478,02-10-2022,0.015725
3479,03-10-2022,0.015725
3480,04-10-2022,0.0153
3481,05-10-2022,0.0152
3482,06-10-2022,0.01514
3483,07-10-2022,0.014425
3484,08-10-2022,0.01492
3485,09-10-2022,0.01492
3486,10-10-2022,0.01492
3487,11-10-2022,0.015225
3488,12-10-2022,0.01523
3489,13-10-2022,0.015275
3490,14-10-2022,0.0152
3491,15-10-2022,0.015795
3492,16-10-2022,0.015795
3493,17-10-2022,0.015795
3494,18-10-2022,0.01573
3495,19-10-2022,0.015835
3496,20-10-2022,0.01606
3497,21-10-2022,0.01618
3498,22-10-2022,0.01608
3499,23-10-2022,0.01608
3500,24-10-2022,0.01608
3501,25-10-2022,0.01655
3502,26-10-2022,0.016755
3503,27-10-2022,0.016835
3504,28-10-2022,0.016915
3505,29-10-2022,0.01684
3506,30-10-2022,0.01684
3507,31-10-2022,0.01684
3508,01-11-2022,0.016845
3509,02-11-2022,0.0164
3510,03-11-2022,0.0164
3511,04-11-2022,0.01686
3512,05-11-2022,0.01686
3513,06-11-2022,0.01686
3514,07-11-2022,0.01686
3515,08-11-2022,0.01725
3516,09-11-2022,0.01659
3517,10-11-2022,0.01729
3518,11-11-2022,0.01716
3519,12-11-2022,0.017425
3520,13-11-2022,0.017425
3521,14-11-2022,0.017425
3522,15-11-2022,0.016805
3523,16-11-2022,0.01708
3524,17-11-2022,0.017115
3525,18-11-2022,0.017035
3526,19-11-2022,0.01688
3527,20-11-2022,0.01688
3528,21-11-2022,0.01688
3529,22-11-2022,0.01699
3530,23-11-2022,0.01706
3531,24-11-2022,0.017035
3532,25-11-2022,0.01698
3533,26-11-2022,0.01685
3534,27-11-2022,0.01685
3535,28-11-2022,0.01685
3536,29-11-2022,0.016915
3537,30-11-2022,0.01694
3538,01-12-2022,0.016935
3539,02-12-2022,0.01683
3540,03-12-2022,0.01698
3541,04-12-2022,0.01698
3542,05-12-2022,0.01698
3543,06-12-2022,0.01671
3544,07-12-2022,0.0168
3545,08-12-2022,0.01671
3546,09-12-2022,0.016715
3547,10-12-2022,0.01669
3548,11-12-2022,0.01669
3549,12-12-2022,0.01669
3550,13-12-2022,0.01663
3551,14-12-2022,0.016415
3552,15-12-2022,0.016125
3553,16-12-2022,0.01618
3554,17-12-2022,0.01603
3555,18-12-2022,0.01603
3556,19-12-2022,0.01603
3557,20-12-2022,0.016425
3558,21-12-2022,0.01638
3559,22-12-2022,0.017045
3560,23-12-2022,0.01693
3561,24-12-2022,0.017105
3562,25-12-2022,0.017105
3563,26-12-2022,0.017105
3564,27-12-2022,0.017
3565,28-12-2022,0.016475
3566,29-12-2022,0.01661
3567,30-12-2022,0.01639
3568,31-12-2022,0.016445
3569,01-01-2023,0.016445
3570,02-01-2023,0.016445
3571,03-01-2023,0.016445
3572,04-01-2023,0.01643
3573,05-01-2023,0.01632
3574,06-01-2023,0.016205
3575,07-01-2023,0.01646
3576,08-01-2023,0.01646
3577,09-01-2023,0.01646
3578,10-01-2023,0.016365
3579,11-01-2023,0.01668
3580,12-01-2023,0.016585
3581,13-01-2023,0.016645
3582,14-01-2023,0.01713
3583,15-01-2023,0.01713
3584,16-01-2023,0.01713
3585,17-01-2023,0.01671
3586,18-01-2023,0.01673
3587,19-01-2023,0.01665
3588,20-01-2023,0.016715
3589,21-01-2023,0.01682
3590,22-01-2023,0.01682
3591,23-01-2023,0.01682
3592,24-01-2023,0.01659
3593,25-01-2023,0.01663
3594,26-01-2023,0.0166
3595,27-01-2023,0.016585
3596,28-01-2023,0.016795
3597,29-01-2023,0.016795
3598,30-01-2023,0.016795
3599,31-01-2023,0.01695
3600,01-02-2023,0.017115
3601,02-02-2023,0.017025
3602,03-02-2023,0.016915
3603,04-02-2023,0.01713
3604,05-02-2023,0.01713
3605,06-02-2023,0.01713
3606,07-02-2023,0.0171
3607,08-02-2023,0.01702
3608,09-02-2023,0.016995
3609,10-02-2023,0.016945
3610,11-02-2023,0.01683
3611,12-02-2023,0.01683
3612,13-02-2023,0.01683
3613,14-02-2023,0.01684
3614,15-02-2023,0.01604
3615,16-02-2023,0.016
3616,17-02-2023,0.015985
3617,18-02-2023,0.016215
3618,19-02-2023,0.016215
3619,20-02-2023,0.016215
3620,21-02-2023,0.0164
3621,22-02-2023,0.01634
3622,23-02-2023,0.016205
3623,24-02-2023,0.016205
3624,25-02-2023,0.016415
3625,26-02-2023,0.016415
3626,27-02-2023,0.016415
3627,28-02-2023,0.01646
3628,01-03-2023,0.01665
3629,02-03-2023,0.016405
3630,03-03-2023,0.016585
3631,04-03-2023,0.01677
3632,05-03-2023,0.01677
3633,06-03-2023,0.01677
3634,07-03-2023,0.016765
3635,08-03-2023,0.01668
3636,09-03-2023,0.01668
3637,10-03-2023,0.01649
3638,11-03-2023,0.016455
3639,12-03-2023,0.016455
3640,13-03-2023,0.016455
3641,14-03-2023,0.01655
3642,15-03-2023,0.01646
3643,16-03-2023,0.016425
3644,17-03-2023,0.01669
3645,18-03-2023,0.018995
3646,19-03-2023,0.018995
3647,20-03-2023,0.018995
3648,21-03-2023,0.018275
3649,22-03-2023,0.018405
3650,23-03-2023,0.018155
3651,24-03-2023,0.0179
3652,25-03-2023,0.01834
3653,26-03-2023,0.01834
3654,27-03-2023,0.01834
3655,28-03-2023,0.0183
3656,29-03-2023,0.01834
3657,30-03-2023,0.01836
3658,31-03-2023,0.01814
3659,01-04-2023,0.01991
3660,02-04-2023,0.01991
3661,03-04-2023,0.01991
3662,04-04-2023,0.02037
3663,05-04-2023,0.018895
3664,06-04-2023,0.01877
3665,07-04-2023,0.01883
3666,08-04-2023,0.01904
3667,09-04-2023,0.01904
3668,10-04-2023,0.01904
3669,11-04-2023,0.01858
3670,12-04-2023,0.018655
3671,13-04-2023,0.01864
3672,14-04-2023,0.018695
3673,15-04-2023,0.01931
3674,16-04-2023,0.01931
3675,17-04-2023,0.01931
3676,18-04-2023,0.01941
3677,19-04-2023,0.019315
3678,20-04-2023,0.02003
3679,21-04-2023,0.020195
3680,22-04-2023,0.02001
3681,23-04-2023,0.02001
3682,24-04-2023,0.02001
3683,25-04-2023,0.019765
3684,26-04-2023,0.02074
3685,27-04-2023,0.022465
3686,28-04-2023,0.02222
3687,29-04-2023,0.02188
3688,30-04-2023,0.02188
3689,01-05-2023,0.02188
3690,02-05-2023,0.02188
3691,03-05-2023,0.020955
3692,04-05-2023,0.021095
3693,05-05-2023,0.02106
3694,06-05-2023,0.02069
3695,07-05-2023,0.02069
3696,08-05-2023,0.02069
3697,09-05-2023,0.0221
3698,10-05-2023,0.0221
3699,11-05-2023,0.021665
3700,12-05-2023,0.02171
3701,13-05-2023,0.02248
3702,14-05-2023,0.02248
3703,15-05-2023,0.02248
3704,16-05-2023,0.02233
3705,17-05-2023,0.023345
3706,18-05-2023,0.02321
3707,19-05-2023,0.02313
3708,20-05-2023,0.022885
3709,21-05-2023,0.022885
3710,22-05-2023,0.022885
3711,23-05-2023,0.02366
3712,24-05-2023,0.023625
3713,25-05-2023,0.02322
3714,26-05-2023,0.02325
3715,27-05-2023,0.023205
3716,28-05-2023,0.023205
3717,29-05-2023,0.023205
3718,30-05-2023,0.022485
3719,31-05-2023,0.0222
3720,01-06-2023,0.021425
3721,02-06-2023,0.02263
3722,03-06-2023,0.021905
3723,04-06-2023,0.021905
3724,05-06-2023,0.021905
3725,06-06-2023,0.022335
3726,07-06-2023,0.02296
3727,08-06-2023,0.02275
3728,09-06-2023,0.022785
3729,10-06-2023,0.02302
3730,11-06-2023,0.02302
3731,12-06-2023,0.02302
3732,13-06-2023,0.02302
3733,14-06-2023,0.02305
3734,15-06-2023,0.02305
3735,16-06-2023,0.022975
3736,17-06-2023,0.022885
3737,18-06-2023,0.022885
3738,19-06-2023,0.022885
3739,20-06-2023,0.022695
3740,21-06-2023,0.022775
3741,22-06-2023,0.02233
3742,23-06-2023,0.022
3743,24-06-2023,0.02188
3744,25-06-2023,0.02188
3745,26-06-2023,0.02188
3746,27-06-2023,0.02181
3747,28-06-2023,0.021675
3748,29-06-2023,0.021805
3749,30-06-2023,0.021685
3750,01-07-2023,0.02209
3751,02-07-2023,0.02209
3752,03-07-2023,0.02209
3753,04-07-2023,0.02243
3754,05-07-2023,0.02244
3755,06-07-2023,0.022415
3756,07-07-2023,0.022485
3757,08-07-2023,0.02301
3758,09-07-2023,0.02301
3759,10-07-2023,0.02301
3760,11-07-2023,0.02336
3761,12-07-2023,0.0232
3762,13-07-2023,0.023075
3763,14-07-2023,0.023275
3764,15-07-2023,0.02323
3765,16-07-2023,0.02323
3766,17-07-2023,0.02323
3767,18-07-2023,0.02354
3768,19-07-2023,0.02335
3769,20-07-2023,0.02276
3770,21-07-2023,0.023035
3771,22-07-2023,0.023225
3772,23-07-2023,0.023225
3773,24-07-2023,0.023225
3774,25-07-2023,0.02331
3775,26-07-2023,0.02349
3776,27-07-2023,0.0251
3777,28-07-2023,0.02508
3778,29-07-2023,0.025815
3779,30-07-2023,0.025815
3780,31-07-2023,0.025815
3781,01-08-2023,0.02563
3782,02-08-2023,0.0256
3783,03-08-2023,0.02707
3784,04-08-2023,0.026525
3785,05-08-2023,0.026075
3786,06-08-2023,0.026075
3787,07-08-2023,0.026075
3788,08-08-2023,0.02666
3789,09-08-2023,0.026545
3790,10-08-2023,0.02855
3791,11-08-2023,0.0283
3792,12-08-2023,0.02746
3793,13-08-2023,0.02746
3794,14-08-2023,0.02746
3795,15-08-2023,0.027195
3796,16-08-2023,0.026775
3797,17-08-2023,0.027845
3798,18-08-2023,0.02796
3799,19-08-2023,0.02787
3800,20-08-2023,0.02787
3801,21-08-2023,0.02787
3802,22-08-2023,0.027735
3803,23-08-2023,0.02702
3804,24-08-2023,0.027625
3805,25-08-2023,0.027855
3806,26-08-2023,0.028435
3807,27-08-2023,0.028435
3808,28-08-2023,0.028435
3809,29-08-2023,0.02824
3810,30-08-2023,0.0281
3811,31-08-2023,0.028825
3812,01-09-2023,0.02879
3813,02-09-2023,0.029295
3814,03-09-2023,0.029295
3815,04-09-2023,0.029295
3816,05-09-2023,0.028995
3817,06-09-2023,0.028515
3818,07-09-2023,0.027545
3819,08-09-2023,0.02719
3820,09-09-2023,0.026665
3821,10-09-2023,0.026665
3822,11-09-2023,0.026665
3823,12-09-2023,0.027355
3824,13-09-2023,0.02667
3825,14-09-2023,0.026605
3826,15-09-2023,0.027085
3827,16-09-2023,0.02687
3828,17-09-2023,0.02687
3829,18-09-2023,0.02687
3830,19-09-2023,0.02567
3831,20-09-2023,0.02554
3832,21-09-2023,0.0246
3833,22-09-2023,0.025125
3834,23-09-2023,0.02512
3835,24-09-2023,0.02512
3836,25-09-2023,0.02512
3837,26-09-2023,0.0255
3838,27-09-2023,0.025615
3839,28-09-2023,0.025805
3840,29-09-2023,0.0257
3841,30-09-2023,0.02531
3842,01-10-2023,0.02531
3843,02-10-2023,0.02531
3844,03-10-2023,0.02519
3845,04-10-2023,0.02489
3846,05-10-2023,0.024795
3847,06-10-2023,0.02515
3848,07-10-2023,0.02547
3849,08-10-2023,0.02547
3850,09-10-2023,0.02547
3851,10-10-2023,0.02534
3852,11-10-2023,0.024845
3853,12-10-2023,0.025175
3854,13-10-2023,0.02538
3855,14-10-2023,0.02598
3856,15-10-2023,0.02598
3857,16-10-2023,0.02598
3858,17-10-2023,0.026195
3859,18-10-2023,0.02612
3860,19-10-2023,0.02617
3861,20-10-2023,0.025995
3862,21-10-2023,0.02611
3863,22-10-2023,0.02611
3864,23-10-2023,0.02611
3865,24-10-2023,0.026615
3866,25-10-2023,0.026395
3867,26-10-2023,0.02555
3868,27-10-2023,0.02533
3869,28-10-2023,0.02516
3870,29-10-2023,0.02516
3871,30-10-2023,0.02516
3872,31-10-2023,0.025315
3873,01-11-2023,0.0252
3874,02-11-2023,0.025055
3875,03-11-2023,0.0249
3876,04-11-2023,0.025365
3877,05-11-2023,0.025365
3878,06-11-2023,0.025365
3879,07-11-2023,0.02517
3880,08-11-2023,0.025215
3881,09-11-2023,0.025005
3882,10-11-2023,0.024905
3883,11-11-2023,0.024775
3884,12-11-2023,0.024775
3885,13-11-2023,0.024775
3886,14-11-2023,0.024105
3887,15-11-2023,0.024435
3888,16-11-2023,0.02415
3889,17-11-2023,0.024385
3890,18-11-2023,0.024415
3891,19-11-2023,0.024415
3892,20-11-2023,0.024415
3893,21-11-2023,0.02448
3894,22-11-2023,0.0252
3895,23-11-2023,0.02491
3896,24-11-2023,0.024845
3897,25-11-2023,0.0243
3898,26-11-2023,0.0243
3899,27-11-2023,0.0243
3900,28-11-2023,0.02413
3901,29-11-2023,0.0239
3902,30-11-2023,0.023885
3903,01-12-2023,0.02361
3904,02-12-2023,0.022545
3905,03-12-2023,0.022545
3906,04-12-2023,0.022545
3907,05-12-2023,0.022885
3908,06-12-2023,0.02207
3909,07-12-2023,0.02246
3910,08-12-2023,0.02233
3911,09-12-2023,0.022045
3912,10-12-2023,0.022045
3913,11-12-2023,0.022045
3914,12-12-2023,0.02235
3915,13-12-2023,0.022785
3916,14-12-2023,0.0226
3917,15-12-2023,0.023485
3918,16-12-2023,0.02346
3919,17-12-2023,0.02346
3920,18-12-2023,0.02346
3921,19-12-2023,0.02355
3922,20-12-2023,0.023305
3923,21-12-2023,0.022935
3924,22-12-2023,0.022975
3925,23-12-2023,0.023195
3926,24-12-2023,0.023195
3927,25-12-2023,0.023195
3928,26-12-2023,0.02316
3929,27-12-2023,0.022875
3930,28-12-2023,0.022695
3931,29-12-2023,0.02268
3932,30-12-2023,0.023025
3933,31-12-2023,0.023025
3934,01-01-2024,0.023025
3935,02-01-2024,0.023025
3936,03-01-2024,0.023025
3937,04-01-2024,0.02311
3938,05-01-2024,0.024
3939,06-01-2024,0.024855
3940,07-01-2024,0.024855
3941,08-01-2024,0.024855
3942,09-01-2024,0.0247
3943,10-01-2024,0.024435
3944,11-01-2024,0.02519
3945,12-01-2024,0.025025
3946,13-01-2024,0.02486
3947,14-01-2024,0.02486
3948,15-01-2024,0.02486
3949,16-01-2024,0.024985
3950,17-01-2024,0.024995
3951,18-01-2024,0.024515
3952,19-01-2024,0.02455
3953,20-01-2024,0.024835
3954,21-01-2024,0.024835
3955,22-01-2024,0.024835
3956,23-01-2024,0.024595
3957,24-01-2024,0.02417
3958,25-01-2024,0.024395
3959,26-01-2024,0.02415
3960,27-01-2024,0.024365
3961,28-01-2024,0.024365
3962,29-01-2024,0.024365
3963,30-01-2024,0.024525
3964,31-01-2024,0.024575
3965,01-02-2024,0.024625
3966,02-02-2024,0.02444
3967,03-02-2024,0.024455
3968,04-02-2024,0.024455
3969,05-02-2024,0.024455
3970,06-02-2024,0.02438
3971,07-02-2024,0.02469
3972,08-02-2024,0.02426
3973,09-02-2024,0.02433
3974,10-02-2024,0.024465
3975,11-02-2024,0.024465
3976,12-02-2024,0.024465
3977,13-02-2024,0.024395
3978,14-02-2024,0.0245
3979,15-02-2024,0.024385
3980,16-02-2024,0.02425
3981,17-02-2024,0.02494
3982,18-02-2024,0.02494
3983,19-02-2024,0.02494
3984,20-02-2024,0.023575
3985,21-02-2024,0.0231
3986,22-02-2024,0.02319
3987,23-02-2024,0.0236
3988,24-02-2024,0.0236
3989,25-02-2024,0.0236
3990,26-02-2024,0.0236
3991,27-02-2024,0.023385
3992,28-02-2024,0.02331
3993,29-02-2024,0.023425
3994,01-03-2024,0.023655
3995,02-03-2024,0.02378
3996,03-03-2024,0.02378
3997,04-03-2024,0.02378
3998,05-03-2024,0.023505
3999,06-03-2024,0.02344
4000,07-03-2024,0.02331
4001,08-03-2024,0.02333
4002,09-03-2024,0.02333
4003,10-03-2024,0.02333
4004,11-03-2024,0.02333
4005,12-03-2024,0.023395
4006,13-03-2024,0.023385
4007,14-03-2024,0.02309
4008,15-03-2024,0.023195
4009,16-03-2024,0.02287
4010,17-03-2024,0.02287
4011,18-03-2024,0.02287
4012,19-03-2024,0.022365
4013,20-03-2024,0.02247
4014,21-03-2024,0.022475
4015,22-03-2024,0.0223
4016,23-03-2024,0.02264
4017,24-03-2024,0.02264
4018,25-03-2024,0.02264
4019,26-03-2024,0.022575
4020,27-03-2024,0.022595
4021,28-03-2024,0.02258
4022,29-03-2024,0.022925
4023,30-03-2024,0.023295
4024,31-03-2024,0.023295
4025,01-04-2024,0.023295
4026,02-04-2024,0.02363
4027,03-04-2024,0.02367
